count	word
89076	sheet
86202	balance
68181	please
67288	academy
59799	funds
56892	uk
52543	form
51827	assets
48287	name
46649	box
44153	information
43069	school
41525	dis
40325	date
39590	number
39120	tax
37274	working
37132	application
36950	month
36929	yes
35335	may
35088	must
33940	council
33217	details
32305	address
30452	use
30294	section
29445	gov
28531	trust
28244	following
28131	within
27678	page
27360	year
25215	yn
25182	www
24816	income
24326	part
24238	amount
23930	received
23582	company
23379	primary
23297	return
23145	provide
22494	days
22166	day
21892	person
21784	end
21441	land
20738	state
20542	authority
19217	one
18513	east
18450	enter
17983	total
17922	required
17746	outcome
17710	england
17573	act
17527	need
17479	four
17325	notified
17276	give
17086	requests
16970	providers
16908	county
16575	note
16520	complete
16256	including
16104	include
16059	us
15995	made
15955	full
15840	south
15526	guidance
15449	cost
15216	value
14691	used
14645	london
14353	capital
14307	relevant
14177	west
14176	contact
13657	notes
13442	data
13258	equipment
13201	check
13198	time
13108	business
12965	government
12688	also
12575	property
12558	non
12552	period
12468	secretary
12414	office
12317	error
12213	licence
12200	see
12133	local
12095	registered
12054	service
12030	make
11943	neu
11906	north
11867	work
11779	text
11745	apply
11686	given
11310	reference
11300	appropriate
11255	partner
11231	formcheckbox
11220	scheme
11220	project
11156	go
11080	partnership
11074	provided
11024	code
10912	notice
10859	ar
10685	new
10635	completed
10617	line
10541	claim
10434	true
10371	pension
10356	false
10327	services
10215	paid
10183	tick
10131	payment
10094	public
10051	help
9942	agreement
9928	evidence
9857	site
9819	example
9819	parish
9812	companies
9705	http
9696	precepting
9684	years
9675	national
9586	country
9583	depn
9551	benefit
9549	registration
9368	type
9321	account
9274	animals
9249	copy
9242	costs
9194	post
9085	applicant
9080	interest
9040	ask
8914	order
8900	would
8876	boxes
8826	question
8679	os
8642	available
8614	borough
8565	child
8493	set
8480	april
8477	unit
8443	certificate
8429	support
8381	activities
8289	hmrc
8279	estate
8210	documents
8188	version
8137	pay
8117	postcode
8028	additional
7971	net
7923	personal
7901	legal
7897	efa
7885	member
7810	register
7792	individual
7786	row
7785	first
7774	email
7753	financial
7752	general
7733	case
7725	payments
7722	agency
7721	send
7624	st
7584	whether
7524	fill
7496	grant
7355	statement
7318	buildings
7284	signature
7278	change
7257	house
7227	shall
7200	health
7169	document
7132	included
7123	place
6940	home
6923	accounts
6853	read
6821	assessment
6813	area
6781	relief
6735	eich
6690	yr
6660	taken
6651	city
6648	birth
6614	put
6613	right
6593	group
6582	months
6574	pages
6539	list
6535	united
6532	field
6505	using
6485	children
6483	charge
6480	declaration
6363	control
6344	less
6335	take
6316	record
6275	building
6274	purposes
6273	current
6259	annual
6252	fin
6203	foreign
6194	loss
6172	cannot
6135	telephone
6129	fixed
6124	ensure
6100	applicable
6078	shares
6071	closing
6066	tell
5996	limited
5978	regulations
5859	either
5849	civil
5835	forms
5806	trustees
5771	last
5758	column
5751	conditions
5724	title
5716	cowards
5695	midlands
5686	furniture
5672	credit
5670	ref
5657	computer
5653	applying
5636	animal
5625	expenses
5601	fee
5595	organisation
5591	subject
5556	rent
5555	https
5513	entered
5507	leasehold
5505	high
5488	clause
5483	separate
5480	staff
5471	signed
5462	relating
5449	chi
5446	grants
5427	shown
5408	allowance
5402	people
5396	necessary
5386	mae
5378	rate
5377	funding
5360	employment
5336	community
5333	vehicle
5330	multi
5323	gains
5317	previous
5307	secondary
5302	nhs
5295	means
5282	bank
5281	confirm
5278	education
5270	insurance
5221	due
5213	expenditure
5211	share
5210	accordance
5205	rights
5205	proposed
5202	risk
5186	police
5179	provision
5169	family
5141	system
5140	sd
5136	self
5127	figure
5113	report
5022	waste
4988	protection
4985	defined
4982	care
4961	single
4946	management
4939	two
4924	know
4911	benefits
4909	requirements
4892	court
4887	special
4867	na
4859	ei
4844	appear
4843	applications
4762	different
4758	standard
4739	held
4717	class
4697	process
4697	test
4691	contract
4691	etc
4686	development
4679	law
4672	members
4670	questions
4660	without
4634	description
4615	level
4598	transport
4595	answer
4586	unless
4577	eu
4569	wedi
4558	college
4555	specified
4554	training
4552	consent
4551	known
4539	sav
4534	basis
4529	water
4518	species
4516	genus
4514	request
4508	plan
4507	behalf
4488	free
4485	respect
4482	body
4479	receive
4460	website
4459	want
4419	explain
4407	authorised
4398	premises
4376	schedule
4375	permit
4366	purpose
4361	natural
4344	result
4335	numbers
4315	gross
4295	location
4292	could
4286	de
4285	advice
4274	get
4259	table
4257	british
4255	department
4247	kingdom
4247	fund
4238	vehicles
4211	leave
4198	letter
4198	another
4190	revenue
4167	correct
4141	circumstances
4136	church
4135	employer
4127	transfer
4126	un
4113	show
4106	losses
4095	access
4082	product
4072	card
4061	regulation
4053	owner
4053	dfe
4051	capacity
4035	se
4030	environment
4028	hm
4027	sign
4012	residence
4007	able
3989	issued
3982	official
3949	phone
3945	restricted
3945	security
3939	activity
3927	wish
3922	town
3911	listed
3892	applies
3875	includes
3869	possible
3868	vat
3851	rules
3849	immigration
3846	medical
3843	ffurflen
3840	based
3840	ua
3826	least
3821	guide
3805	sponsor
3805	mm
3795	terms
3785	contractor
3777	central
3759	trade
3753	option
3745	authorities
3744	beerc
3741	arrangements
3739	fire
3726	hold
3720	significant
3718	customs
3704	otherwise
3697	social
3691	overseas
3687	existing
3682	fair
3679	plant
3675	already
3648	board
3629	lead
3628	making
3624	comments
3618	specific
3616	resident
3612	per
3609	way
3597	money
3596	changes
3591	related
3574	la
3567	alternative
3550	however
3547	sent
3546	investment
3545	charges
3538	yw
3536	specify
3528	mandatory
3527	passport
3513	charity
3502	publications
3499	insert
3497	unrhyw
3495	party
3471	original
3470	directly
3467	treatment
3465	policy
3463	long
3463	schools
3457	understand
3453	valid
3434	academies
3430	dd
3429	pdf
3422	model
3418	select
3410	cases
3409	write
3406	likely
3399	goods
3392	surname
3385	decision
3384	taxable
3384	allowances
3379	reason
3379	environmental
3370	residential
3362	knowledge
3360	ac
3360	fees
3359	completing
3342	catholic
3341	obligation
3341	reserve
3336	agent
3336	oes
3334	carried
3316	profit
3311	sure
3290	records
3274	accounting
3274	action
3263	yorkshire
3261	lease
3257	planning
3243	landlord
3241	street
3237	expected
3236	standards
3233	add
3232	open
3216	meet
3201	weeks
3200	approved
3188	asset
3178	payable
3171	ch
3164	maintenance
3159	procedures
3156	status
3151	best
3143	names
3143	nationality
3134	age
3131	carry
3130	parties
3130	deceased
3128	require
3124	term
3119	ydych
3106	written
3098	find
3097	pofa
3090	pofsb
3090	items
3089	wales
3086	condition
3077	low
3066	start
3050	humber
3042	issue
3036	main
3035	outside
3032	indicate
3024	teu
3017	life
3017	named
3012	housing
3011	persons
3008	maximum
3002	offence
2999	eea
2997	important
2996	submit
2993	three
2987	market
2983	yyyy
2969	continue
2965	disposal
2964	paragraph
2961	private
2961	unrestricted
2956	submitted
2946	tier
2938	parent
2936	needs
2929	figures
2920	savings
2915	centre
2915	gan
2912	entry
2911	annex
2908	officer
2899	profits
2896	back
2891	refer
2890	travel
2888	ezzzz
2876	hon
2876	household
2872	research
2870	next
2869	relation
2859	exercise
2857	organisations
2850	death
2846	safety
2843	found
2835	dvtenset
2833	prior
2820	ii
2810	shared
2808	crime
2802	spouse
2799	chargeable
2790	sy
2776	rates
2774	response
2771	road
2766	responsible
2765	professional
2761	summary
2749	minus
2736	cais
2734	nature
2731	describe
2727	independent
2723	particular
2719	together
2715	commissioner
2715	sections
2712	metropolitan
2708	block
2704	approval
2702	applied
2700	continuation
2695	review
2693	corporate
2676	trusts
2675	positive
2673	cover
2672	amounts
2670	minimum
2670	en
2667	motor
2663	online
2659	granted
2656	treated
2654	dx
2646	direct
2641	finance
2640	discharge
2636	cash
2633	article
2630	item
2630	representative
2628	firm
2627	supporting
2621	well
2621	appeal
2620	sum
2617	postal
2617	states
2617	fa
2615	upon
2614	accommodation
2603	consider
2603	requirement
2600	file
2597	liabilities
2585	enw
2582	position
2576	freehold
2574	disease
2573	gael
2572	director
2572	letters
2568	entitled
2563	whole
2562	much
2559	liability
2555	someone
2550	event
2547	programme
2544	claimed
2534	keep
2528	products
2523	agree
2516	aid
2511	statements
2505	sale
2499	types
2494	chief
2492	eligible
2491	exemption
2491	testing
2488	identity
2487	source
2486	energy
2476	reasons
2472	third
2472	english
2471	many
2471	mice
2459	registry
2457	practice
2442	region
2441	living
2441	receipts
2437	adviser
2422	bod
2422	society
2421	ni
2419	march
2418	young
2410	areas
2410	considered
2407	co
2406	mark
2404	certain
2402	employed
2399	lancashire
2399	france
2397	termination
2397	securities
2396	allow
2395	key
2394	team
2392	park
2387	permission
2387	enquiries
2379	trustee
2379	mewn
2377	patient
2377	space
2377	schemes
2376	org
2368	gsi
2366	normally
2364	bydd
2364	statutory
2363	similar
2363	employee
2347	visit
2341	writing
2338	hours
2333	rhan
2331	european
2330	present
2328	applicants
2326	ireland
2320	pre
2317	currently
2315	common
2314	fax
2314	live
2310	trading
2294	category
2293	loan
2288	repayment
2285	cael
2283	cyfeiriad
2282	contributions
2279	appointment
2276	legislation
2269	fostering
2269	needed
2268	identify
2265	expect
2261	attach
2260	continued
2259	impact
2253	client
2250	later
2246	works
2245	none
2240	point
2237	scotland
2237	format
2234	january
2231	comply
2224	good
2224	attached
2217	week
2211	material
2208	registrar
2202	like
2178	future
2175	cells
2173	delivered
2173	llp
2173	still
2166	northern
2166	fields
2165	supply
2163	previously
2161	mobile
2150	qualifying
2148	method
2147	clinical
2144	black
2124	crown
2121	pupils
2121	earlier
2119	voluntary
2119	rhaid
2113	forward
2112	hyn
2111	gain
2110	receipt
2108	words
2106	effect
2104	manager
2099	inspection
2098	investments
2098	meeting
2096	detailed
2096	panel
2089	welfare
2089	reporting
2088	sticky
2087	gyfer
2085	design
2084	deducted
2083	ok
2082	providing
2078	copies
2077	designated
2075	performance
2068	therefore
2067	recorded
2066	power
2058	short
2056	pupil
2056	criminal
2051	delete
2047	final
2045	companieshouse
2042	lines
2041	cross
2040	potential
2030	holder
2029	quality
2027	reasonable
2027	cell
2021	purchase
2019	human
2010	usual
2009	dyddiad
2009	else
2003	scientific
2000	customer
1998	joint
1995	stock
1994	hospital
1994	food
1992	arall
1991	fel
1987	permanent
1986	wybodaeth
1986	times
1978	id
1964	higher
1960	technical
1959	small
1956	adran
1952	america
1950	saxena
1950	mail
1950	ravi
1948	experience
1947	claiming
1945	partners
1945	ended
1945	job
1944	procedure
1944	japan
1944	filling
1943	agreed
1941	effects
1939	asked
1937	delivery
1933	taking
1931	measures
1930	obligations
1929	stage
1928	compliance
1917	relationship
1917	international
1914	requested
1911	completion
1910	tenant
1906	covered
1903	ownership
1901	combined
1900	provisions
1900	role
1899	var
1899	options
1899	limit
1898	percentage
1893	criteria
1879	might
1879	premium
1878	ra
1873	associated
1872	migrationpending
1871	claims
1871	removed
1868	indirectly
1868	wildlife
1867	results
1864	hout
1860	forename
1856	referred
1852	learning
1847	studies
1847	notification
1846	longer
1844	confirmation
1843	even
1841	lpa
1841	calculation
1840	december
1838	rev
1835	provider
1834	old
1833	parts
1828	standing
1826	exempt
1826	acting
1825	calculate
1824	penalty
1823	disability
1819	operation
1819	rhif
1813	boarding
1812	points
1807	responsibility
1806	second
1806	range
1803	loans
1803	every
1800	involved
1797	paper
1796	connection
1796	eal
1792	uploads
1791	documentation
1790	survey
1790	amended
1789	green
1787	dividends
1787	course
1784	equivalent
1784	accept
1778	usually
1776	identified
1770	mortgage
1768	angen
1766	cengov
1766	eg
1762	sector
1761	explanation
1761	returned
1758	ec
1756	since
1755	done
1753	checklist
1747	lincolnshire
1743	dates
1742	remain
1732	unknown
1729	particulars
1727	obtain
1720	remove
1718	proposal
1718	classification
1714	vessel
1703	agents
1695	cac
1691	capitals
1690	domestic
1688	print
1687	blood
1685	monitoring
1685	clear
1685	transferred
1684	apha
1684	cwmni
1683	declare
1682	provides
1679	basic
1679	arising
1678	issues
1677	iii
1676	adult
1674	cofe
1673	hwn
1670	commercial
1670	failure
1665	sources
1665	physical
1663	charged
1661	air
1659	search
1659	giving
1652	licensing
1652	appendix
1650	debt
1649	obtained
1649	marriage
1648	biometric
1642	le
1640	addition
1636	employees
1632	plus
1630	relates
1630	except
1629	liable
1626	systems
1620	cheshire
1620	establishment
1616	presenter
1612	click
1612	authorisation
1611	ydy
1609	analysis
1602	questionnaire
1601	changed
1601	educational
1601	answered
1600	negative
1600	parents
1599	addresses
1599	skills
1597	tel
1597	band
1596	prevent
1596	rule
1594	unable
1589	plans
1586	affect
1586	somerset
1585	allowable
1584	kent
1584	helpsheets
1584	reports
1583	facilities
1582	machinery
1577	copyright
1575	blank
1575	left
1573	objectives
1572	administration
1572	rhowch
1566	greater
1564	dividend
1564	actually
1563	visa
1562	supplied
1562	charities
1560	administrator
1559	kgs
1559	calculated
1558	met
1558	appoint
1558	excluding
1554	consideration
1554	proceedings
1553	paying
1548	worker
1545	temporary
1544	study
1538	notify
1534	whose
1531	appointed
1522	duty
1520	step
1515	sufficient
1514	policies
1511	indicated
1511	junior
1511	published
1510	immediately
1508	fully
1507	unitary
1507	union
1506	norfolk
1506	cause
1505	letting
1505	large
1504	anyone
1503	er
1503	nac
1502	ond
1502	directors
1501	sub
1501	reduce
1500	individuals
1497	damage
1496	owned
1495	died
1495	commission
1492	checks
1488	pensions
1487	selected
1487	stated
1486	units
1485	become
1483	lump
1482	mr
1480	instructions
1478	helpsheet
1475	principal
1474	described
1473	supplementary
1472	laboratory
1468	steps
1465	clearly
1465	enable
1464	exchange
1464	economic
1464	licences
1462	deemed
1461	great
1459	arrangement
1459	proceeds
1457	constable
1455	holding
1455	follow
1455	let
1454	ever
1450	resources
1449	debit
1449	adjustment
1448	others
1448	electronic
1445	bodies
1444	brief
1444	foundation
1443	cheque
1443	cardiff
1443	decisions
1438	infant
1437	size
1436	incurred
1436	direction
1431	influence
1429	demonstrate
1429	suffolk
1428	improvements
1428	sensitive
1426	dependants
1426	governing
1425	essex
1424	gwneud
1423	signing
1421	taxation
1421	sydd
1421	enclosed
1420	correspondence
1419	agencies
1419	showing
1418	opening
1417	port
1416	extent
1416	double
1413	manylion
1412	gyda
1412	nad
1411	devon
1407	length
1406	intend
1406	operating
1398	permitted
1397	construction
1396	gwybodaeth
1395	detail
1391	understanding
1386	acquired
1386	hrp
1386	deal
1385	release
1381	say
1381	characters
1381	certificates
1380	ssp
1379	dal
1378	totals
1378	adverse
1375	determine
1375	administrative
1374	recent
1373	offer
1372	replacement
1367	citizen
1367	birmingham
1366	normal
1361	instead
1361	dweltype
1360	married
1359	think
1356	proportion
1354	projects
1353	edinburgh
1353	operations
1351	mean
1350	price
1348	requires
1348	reduction
1348	restriction
1347	dwelling
1346	countries
1346	hearing
1345	helpline
1342	currency
1342	district
1342	wneud
1339	du
1338	drugs
1335	confirming
1335	dan
1331	association
1326	dated
1325	forest
1322	refused
1321	models
1320	kept
1318	october
1318	production
1317	look
1310	inheritance
1309	election
1302	onwards
1300	enclose
1297	floor
1297	rydych
1295	intended
1290	technology
1290	lloyd
1289	processing
1289	early
1285	rental
1282	aware
1282	operator
1281	initial
1278	collection
1278	staffordshire
1276	locgov
1274	facility
1273	repairs
1267	fod
1267	functions
1266	breach
1264	july
1264	affairs
1262	external
1261	undertaking
1259	five
1257	regulatory
1256	accepted
1255	mrs
1255	effective
1254	sample
1254	majority
1254	designed
1253	gifts
1251	leicestershire
1250	transfers
1250	northamptonshire
1249	undertaken
1247	sea
1247	actual
1246	deduction
1246	photographs
1244	matters
1243	solicitor
1243	grid
1239	white
1238	map
1238	methods
1237	serious
1236	room
1235	university
1235	added
1235	overall
1234	decide
1234	valuation
1231	hazard
1230	lower
1229	mailto
1227	award
1220	receiver
1219	places
1218	exclude
1215	po
1214	successful
1212	average
1212	gas
1211	grouped
1209	contained
1209	groups
1209	carer
1208	via
1206	estimate
1205	budget
1204	language
1204	wml
1203	late
1201	funded
1201	reduced
1200	citizenship
1200	humans
1197	acts
1196	occupation
1195	substances
1195	cornwall
1195	interests
1193	call
1193	gallwch
1192	variety
1192	cod
1189	jointly
1186	wrthym
1186	matter
1183	abroad
1183	installation
1182	former
1182	six
1180	agricultural
1180	choose
1178	budd
1177	lwfans
1177	background
1176	soon
1176	secure
1175	mental
1175	metres
1175	restrictions
1174	affected
1173	suitable
1173	contains
1172	attainment
1171	rural
1170	medium
1170	sold
1168	mwy
1167	section_a
1166	proof
1164	properties
1163	references
1163	compensation
1163	gennych
1162	ship
1161	automatically
1160	carrying
1159	holiday
1159	warning
1157	optional
1157	doctor
1156	maintained
1156	inform
1154	licensed
1154	conversion
1154	outcomes
1153	recognised
1150	manchester
1150	storage
1147	rle
1147	disclosure
1147	submission
1146	pass
1145	ballot
1144	eraill
1143	miss
1143	ink
1141	satisfied
1141	hand
1140	controlled
1139	science
1136	assistance
1135	supplier
1135	sussex
1133	fuel
1133	grammar
1131	exceed
1129	flat
1128	attorney
1128	imo
1127	swyddfa
1127	forces
1126	regard
1126	representatives
1126	close
1123	fsm
1122	receiving
1121	submitting
1120	foster
1120	progress
1118	articles
1118	sites
1118	often
1117	acquisition
1117	believe
1117	nil
1114	conveyancer
1113	max
1112	vote
1108	dependant
1108	gift
1106	examples
1105	brought
1104	spent
1097	invalid
1097	permits
1096	tested
1095	filled
1093	user
1092	extra
1089	investigation
1089	institution
1089	settlement
1089	driving
1089	earnings
1086	mid
1084	derbyshire
1083	station
1083	reasonably
1082	dorset
1081	improve
1081	duration
1080	structure
1080	assess
1079	islands
1078	beth
1078	patients
1076	operate
1075	contents
1075	examination
1074	protected
1072	charitable
1071	started
1068	acceptable
1067	executive
1067	anything
1067	john
1066	specialist
1066	increase
1065	run
1065	welsh
1065	multiple
1064	respondent
1062	balancing
1061	voting
1060	pool
1060	certified
1059	categories
1055	defra
1053	internal
1052	saint
1052	seed
1052	fy
1052	drug
1048	concerned
1047	clearance
1047	ability
1046	ltd
1045	grounds
1045	pofshc
1042	develop
1042	prescribed
1041	scottish
1041	insolvency
1041	inspector
1041	es
1040	problems
1039	countryside
1039	periods
1039	valley
1039	holds
1038	match
1038	tenancy
1036	estimated
1036	unique
1035	qualify
1035	materials
1035	allocated
1033	established
1032	eiddo
1032	view
1030	directive
1029	undertake
1029	student
1028	entitlement
1028	hertfordshire
1028	separately
1027	enterprise
1027	nics
1026	brain
1025	dg
1024	orders
1024	isod
1024	follows
1024	front
1024	experiments
1020	departments
1019	sex
1018	ground
1016	car
1016	nominated
1016	reported
1016	germany
1014	deduct
1013	die
1012	imdg
1011	gwaith
1010	publication
1010	transactions
1008	screening
1008	variation
1008	bristol
1007	convention
1007	stamp
1006	running
1005	female
1004	billing
1004	relate
1004	meaning
1003	repair
1003	manual
1002	master
1000	complaint
999	nominee
999	traffic
999	emergency
999	function
998	des
998	rhent
998	considers
996	adoption
995	contribution
994	sie
994	workers
994	returns
992	sending
992	belief
992	ofsted
991	hill
991	mis
989	iv
987	monthly
987	conservation
986	oxfordshire
985	message
985	europaea
985	justice
983	variable
983	guardian
982	codes
982	planned
980	choice
979	male
978	deliver
978	committee
977	subsequent
977	factors
974	tenants
973	fraud
972	september
972	wiltshire
971	heating
970	gloucestershire
970	conduct
969	values
969	nottingham
969	replace
969	ms
968	contain
967	clauses
967	delay
965	advance
964	rhododendron
964	rs
963	equal
962	levels
961	enforcement
961	cambridgeshire
960	corporation
960	sep
959	fsp
958	possession
955	carers
954	columns
953	si
953	software
953	connected
952	major
952	cyn
952	cancer
951	donor
950	proposals
949	outstanding
948	photograph
948	book
948	deed
946	incwm
942	passed
941	whilst
940	offences
940	societas
940	resolution
940	eligibility
939	missing
938	tests
938	deductions
935	beneficiary
935	establish
934	fanylion
934	pa
933	dim
933	identification
932	sentence
932	radioactive
932	calendar
932	pursuant
932	immune
931	scale
929	assessed
929	elsewhere
928	china
925	weight
924	allowed
924	framework
922	always
921	behaviour
919	occupier
918	homes
918	credits
917	sole
916	surrey
915	force
915	rhoi
913	deposit
913	disabled
912	women
910	features
910	difference
910	events
909	dywedwch
909	lived
909	conviction
908	appointments
908	mod
907	exercises
907	tab
907	actions
906	royal
906	infection
905	template
905	notices
904	ccg
904	arian
904	md
903	processes
902	produce
902	duties
901	enough
900	ydw
900	gives
899	accurate
899	allows
898	bob
897	mouse
896	englocgov
896	stay
894	genetically
894	consol
893	fall
892	excess
892	manufacturer
892	born
891	aim
890	emissions
890	orp
889	sheets
888	advise
887	gynnwys
885	determined
882	mother
882	byddwn
882	ag
880	safe
880	growth
880	problem
879	definition
879	unig
879	mary
878	furnished
878	concern
878	republic
877	ecologist
877	discuss
875	wrth
875	rescue
873	adjustments
872	worked
872	subsidiary
872	proprietor
871	guarantee
870	pan
870	ceased
869	injury
869	datganiad
869	attachment_data
868	llawn
867	contracts
866	armed
865	definitions
864	byw
864	mentioned
863	fit
861	target
861	turnover
860	weekly
860	alcohol
860	altered
859	competent
858	royalties
856	industrial
854	branch
852	teaching
852	regular
852	yet
852	introduction
851	certification
850	expiry
850	ctb
850	tudalen
850	sponsored
850	qualifications
849	newid
849	exceptional
848	processed
847	approach
847	heat
847	remember
847	away
847	drwy
844	top
844	norway
844	father
843	birds
843	regarding
842	carbon
842	licensee
842	hyd
841	ending
841	lle
840	ewch
839	qualification
839	aged
838	industry
838	quantity
836	route
836	efallai
835	confidential
835	starting
834	refusal
834	talu
832	determination
832	au
832	throughout
831	promptly
831	amend
831	communities
831	june
830	certify
830	risks
829	although
828	fydd
827	recovery
826	disclosed
826	zero
826	produced
825	nursery
823	minimise
823	patents
822	war
820	isle
819	electricity
818	dt
817	representations
817	territory
815	interviewer
815	der
814	fish
814	history
813	distribution
813	ôl
812	tribunal
812	canada
812	paye
811	agrees
809	htm
809	kind
808	incident
808	towards
807	sell
807	complaints
807	ddefnyddio
806	oil
806	membership
806	remuneration
805	lgps
805	entity
804	man
804	cynnwys
804	partnerships
802	centres
802	charter
801	released
801	covering
801	diseases
799	personnel
799	seek
799	agreements
798	penalties
798	admission
796	consultation
795	august
795	evaluation
794	patent
794	surface
793	assist
792	depending
792	attendance
791	girls
790	pensiwn
790	getting
788	confidentiality
788	retained
787	expression
787	relative
787	creditors
786	formula
785	degree
784	generally
783	netherlands
783	reflect
783	rather
783	ran
782	taxed
782	expert
781	dalu
781	van
781	accredited
780	businesses
779	ha
779	powers
779	operational
779	compulsory
778	stop
778	users
777	efficiency
777	qualified
777	across
777	riding
776	sheffield
776	regulated
775	better
775	removal
774	base
774	bonds
773	severity
773	context
772	distributions
771	confirmed
770	representation
769	ce
769	sixth
768	surplus
768	served
768	employers
767	ownocc
767	essential
766	movement
765	mca
765	hampshire
763	bargaining
763	controls
762	attend
761	validation
760	answers
760	past
760	content
759	priority
759	audit
759	bid
758	thames
758	created
758	ffôn
758	involve
757	head
755	disposals
755	extension
755	aeos
754	disposed
754	durham
754	bill
753	marked
751	called
751	terminate
751	dvsa
751	arise
750	prevention
750	dudalen
750	nottinghamshire
749	protect
748	going
747	warwickshire
747	supervisor
746	nid
745	pond
745	hall
744	quarter
744	kg
744	avoid
744	lost
743	religious
743	checked
743	formation
742	ways
742	propose
742	character
741	rg
741	reliefs
741	cyfreithiol
741	instrument
740	gall
740	gender
739	makes
738	supported
737	driver
737	count
737	effluent
737	sa
737	attorneys
736	techniques
736	entrepreneur
735	daily
734	illness
734	journey
734	flr
733	claimant
733	complex
731	maintain
731	satisfactory
731	sc
731	setting
730	suffering
730	hull
730	handling
729	entries
728	vale
728	threshold
727	sen
726	come
726	signs
725	active
725	limits
725	farm
724	impairment
723	oisc
722	addressed
720	parental
720	replaced
718	heart
718	containing
718	accident
718	formal
718	placement
717	reach
716	substance
715	alternatively
714	leeds
713	candidate
713	groundwater
712	intellectual
711	overleaf
711	ai
711	woodland
710	manage
710	enhanced
710	dispute
710	cwm
709	swm
709	draft
709	llofnod
708	origin
707	derived
707	debts
707	stewardship
706	convictions
705	newcastle
705	minor
705	carefully
704	customers
704	psc
703	around
703	em
703	adobe
702	drive
701	hynny
700	breeding
699	component
698	link
697	nominal
696	placed
696	rest
696	output
695	rating
694	rented
694	cofrestru
694	export
694	sharing
692	wythnos
691	com
690	prepared
690	red
689	receives
689	shows
688	pain
687	banks
686	rejected
686	maternity
685	adjacent
685	violence
684	households
684	daliadau
683	purchased
683	assurance
683	bath
682	middle
682	acquiring
681	seeking
681	achieve
681	spain
681	culture
681	byddwch
680	vi
680	modified
680	calculating
680	awarded
680	vary
679	collections
679	stocks
679	exceeding
679	committed
678	empty
678	scitt
677	hazardous
677	sut
676	pob
676	aggregate
676	referral
673	officers
673	stoke
671	declared
671	excluded
671	defnyddio
671	excel
670	beginning
669	wild
669	outline
669	phase
668	et
668	baby
668	veterinary
668	particularly
668	privacy
668	harm
668	del
667	improvement
667	accompanying
667	unauthorised
666	ticiwch
666	students
666	chapter
665	responsibilities
665	query
663	drop
663	keeping
663	destination
662	cars
662	daytime
662	demand
661	download
661	routine
661	mechanisms
661	club
660	little
660	prosecution
660	buy
659	registrable
659	convicted
658	gofrestr
658	understood
657	light
657	imprisonment
657	departure
657	sterling
656	samples
656	flow
656	tr
656	doubt
655	informed
655	web
655	treat
655	ex
655	premiums
655	gp
654	river
654	tissue
654	element
653	fine
653	nodwch
652	upper
652	amendment
652	half
652	dros
651	bromley
651	appeals
651	crimes
651	asylum
649	marine
649	atwrneiod
648	strategy
648	paragraphs
647	consultant
647	index
647	digit
647	adults
646	happen
646	liquidator
646	sexual
644	revised
643	disclose
643	ou
642	ticked
642	bound
642	remaining
642	dependent
642	handbook
642	advanced
641	side
641	enghraifft
640	factor
640	nationalarchives
639	lp
638	decc
638	cyfrif
638	eggs
638	opportunity
638	annuity
638	salary
637	vessels
637	cwmnïau
637	engine
637	discretion
637	overlap
637	display
637	asks
636	opinion
636	roi
636	blwch
636	consult
636	rsr
635	unclassified
634	rooms
634	transaction
634	belfast
633	linked
632	renter
632	filing
632	berthnasol
632	move
630	internet
629	far
629	serve
628	smpinel
628	visas
627	rats
627	declarations
627	bedfordshire
626	accrued
626	breakdown
626	tsr
626	organ
626	families
626	beneficial
626	hawl
625	severe
625	sales
625	gag
624	ministry
624	cymorth
624	easy
623	became
623	things
623	senior
623	photocopy
621	alternatives
621	boundary
621	settlor
620	managed
620	border
620	meets
620	fwy
619	sofa
619	withdrawn
619	alone
619	principles
619	bus
618	complied
618	ensuring
618	reading
618	acacia
618	concept
618	according
618	kingston
617	secured
617	owners
617	blwyddyn
617	menu
616	naturalengland
616	feedback
615	terrorism
615	dydd
615	recognition
615	renewal
614	selection
614	proper
614	several
613	november
613	brp
613	dvla
612	occur
612	hereby
612	managing
612	invoice
612	wakefield
611	advised
610	plymouth
609	face
609	collected
608	remains
608	conducted
608	leaving
607	ten
607	sifil
606	correctly
606	competition
606	gofrestru
605	supervision
605	lettings
605	interview
605	intends
605	resulting
605	pfi
604	australia
603	exemptions
603	unused
603	specifically
603	controller
602	sur
602	passenger
602	input
602	boat
601	parhad
601	covers
601	varieties
601	belgium
600	laa
600	achos
600	tangible
599	fitted
599	plants
598	uses
598	wastes
597	practitioner
597	remittance
596	canlynol
595	temp
594	rsx
594	teacher
594	authorise
594	taliad
593	chosen
593	marks
593	anti
593	practicable
593	consumption
592	printed
592	cattle
592	bat
591	approximate
591	offshore
591	allocation
590	grade
590	hard
590	seen
590	doc
590	operated
589	abuse
587	score
587	defnyddiwch
585	february
585	village
585	useful
584	childcare
584	kings
584	consents
584	screen
583	dealing
583	vitro
583	borrowing
583	liverpool
582	fail
582	avoidance
581	contractors
581	anfon
581	developing
580	hra
580	rosa
580	ddeddf
580	respond
579	wladwriaeth
579	envelope
579	preparation
578	accuracy
578	croydon
577	academic
577	bird
576	satisfy
576	sought
574	specimen
574	residents
574	petition
573	donations
573	supplies
573	concerns
573	concerning
573	surrender
572	ein
572	heb
570	castle
569	king
569	along
568	interested
568	genetic
567	situation
567	visible
566	el
566	communication
566	blue
566	entering
565	milton
564	fitness
564	pt
564	population
564	fco
564	coastal
563	bradford
563	llofnodi
563	confidence
562	buying
562	performed
562	husband
562	innovation
562	oedd
561	monitor
561	experimental
561	rents
561	arrange
560	dwellings
560	reserves
560	intention
559	wolverhampton
559	faint
559	network
559	yy
558	jan
558	herefordshire
558	pays
557	increased
557	cumbria
557	recommended
557	underlying
557	chairman
556	parking
556	studio
556	spaces
556	create
555	hefyd
555	depreciation
555	dwp
555	proxy
554	deficit
554	adopted
554	colour
553	veg
553	unigolyn
552	adequate
552	landlords
552	medway
551	regional
551	sums
551	defence
550	busnes
550	volume
550	friday
550	nearest
549	fersiwn
549	built
549	looking
549	queries
548	retirement
546	string
546	beyond
546	prunus
546	friends
545	incorrect
544	perform
544	gais
544	statistical
544	shropshire
544	sealed
544	developed
543	wood
543	rotherham
543	witness
543	treaty
543	bold
543	th
542	solely
542	linenhall
541	deadline
541	sets
540	sort
539	iva
539	intangible
538	specification
537	abstraction
537	default
537	les
537	cyhoeddus
536	channel
536	phe
536	protocols
536	automatic
535	happens
535	wholly
534	ro
534	repayments
534	combination
534	homeoffice
534	ystod
534	__
533	improving
533	achieved
532	killed
532	characteristics
532	northumberland
532	save
532	colonies
532	taxes
531	meetings
531	dontknow
528	rhoddwr
528	involvement
528	acquire
528	wife
527	discretionary
527	prepare
527	discharged
527	recording
527	adjusted
527	doncaster
527	geni
526	berberis
526	latest
526	hospitals
526	trent
526	sponsorship
526	refers
525	sir
525	fishing
524	thomas
524	amser
524	split
524	beneficiaries
524	italy
523	couple
523	heath
523	drainage
522	provisional
522	commissioning
521	ukpga
521	partly
520	nctl
520	vouchers
520	mitigation
519	various
519	responses
518	moderate
518	media
518	errors
518	credyd
517	ychwanegol
516	rows
516	landfill
516	te
516	holders
515	holl
515	implementation
515	supp
513	bought
513	presence
513	cyperus
513	advisory
513	rise
513	manner
513	moved
512	monitored
512	tonnes
512	bnrec
512	freedom
512	located
512	forenames
511	yswiriant
511	worcestershire
511	highways
510	refund
510	island
510	cleaning
510	lighting
509	occupational
509	marketing
509	manufacture
509	amendments
508	engaged
508	parcel
508	situated
508	calculations
508	york
507	payer
507	press
507	tables
507	solanum
507	guidelines
507	legally
506	curriculum
506	atwrnai
505	aims
505	instruction
505	barnsley
505	chemical
504	arrive
504	trial
504	occurred
504	minutes
503	leaflet
503	transferor
503	explains
503	terminal
503	quoted
502	collect
502	universal
502	involves
501	treatments
501	presenters
501	incomplete
500	gallu
500	coventry
499	consistent
499	settled
499	investigate
498	federation
498	becomes
497	cancel
497	dec
497	nifer
497	objective
496	sw
496	requiring
495	takes
495	discount
494	novel
494	passports
494	therapy
494	quickly
493	roads
493	ichi
493	waiting
493	effectively
492	arises
492	habitats
492	livestock
491	euphorbia
491	cs
491	reducing
490	hysbysiad
490	creation
490	governance
490	cancellation
490	sfa
490	minister
489	imposed
489	offered
489	competence
488	accompanied
488	expense
488	buckinghamshire
488	tyne
487	sewage
486	communications
486	annuities
486	safle
486	stating
486	ct
485	told
485	import
485	absence
485	turbidity
484	anifeiliaid
484	represent
484	track
484	near
484	tumour
483	wall
483	axle
483	judicial
482	closed
482	operators
481	harms
481	electrical
481	conflict
481	contacts
481	habitat
480	took
480	issuing
480	salix
479	uchod
479	checking
479	challenge
479	ordinary
478	highway
478	dwocvac
478	tcsn
478	chester
478	characteristic
477	followed
477	protocol
477	und
476	booklet
475	refuse
475	justification
475	immediate
475	vous
475	wide
475	plc
474	wider
474	never
474	stopped
474	infrastructure
474	round
473	trailer
473	falls
473	stratford
473	contacted
472	cabinet
472	ill
472	quay
472	build
471	ring
471	lists
470	contribute
470	translation
470	tender
470	wishes
470	equality
470	explained
470	views
469	real
469	helpful
469	scope
469	contractual
468	loads
468	exit
468	mass
468	involving
468	excise
467	merger
467	surgery
467	vivo
466	summarise
466	bis
465	dr
465	sutton
464	mk
464	refined
464	di
464	dispose
463	focus
463	serving
463	forensic
463	incorrectly
463	treth
463	additions
463	caused
463	elected
462	speed
462	ap
462	preservation
462	oder
462	nodiadau
462	temperature
462	oct
462	swindon
461	asiantaeth
461	levy
461	mobility
461	incorporated
461	gwybod
461	ynglŷn
461	biological
461	climate
460	gymwys
460	societies
460	bost
459	ne
459	prefer
459	sar
458	favour
458	packages
458	taxpayer
457	bridge
457	genes
457	checkbox
457	continuing
456	spend
456	update
455	equity
455	injuries
455	vacant
454	sampling
454	endorsement
453	referee
453	quercus
452	zone
452	ee
452	fourth
451	cheques
451	discharges
450	ed
450	exercising
450	aylesbury
449	incapacity
449	alterations
449	profession
448	bills
448	presented
448	embassy
447	greece
447	inquiry
447	monday
447	ateb
447	utc
447	looked
447	preferred
447	tree
447	misuse
447	ready
446	cards
446	fisheries
445	tasks
445	sta
445	ydyw
444	inside
444	nb
444	subsequently
444	sweden
444	llord
443	houses
443	remembered
443	electronically
443	signatory
443	assessments
442	database
442	bournemouth
442	iechyd
441	occ
441	solid
441	lender
441	falling
440	cease
440	difficulties
440	something
439	investigations
439	identifying
439	proceed
438	leases
438	documentary
438	yma
438	financing
438	counsel
437	stored
437	typescript
437	territories
437	bobl
437	substantial
437	comprehensive
436	overview
436	bring
436	mixed
436	wages
435	para
435	accountant
435	derbyn
435	thus
435	bursary
435	lifetime
435	turn
435	practical
435	ie
435	al
435	recommend
434	formdropdown
434	parliament
434	corresponding
434	searchers
434	endowment
433	refinement
433	rank
433	terminated
433	sunderland
433	outputs
433	pr
432	bids
432	pdfhttps
432	acer
431	verification
431	rubus
431	commitment
431	heritage
431	ddweud
430	bedford
430	gweler
429	unlimited
429	properly
429	pollution
429	log
428	sports
428	baseline
428	specimens
428	comment
427	maritime
427	break
426	utr
426	prison
426	tyneside
426	custody
426	retain
426	occupied
426	darlington
426	div
425	elements
425	qro
424	square
424	etl
424	registering
424	lenwi
424	core
423	critical
423	digits
423	button
423	earn
422	pryd
422	failed
422	lindsey
421	dylech
421	inspectorate
421	touch
421	difficulty
420	flats
420	llenwch
420	keynes
420	incorporation
420	migrant
420	eight
420	distress
420	bar
419	owed
419	decided
419	expertise
419	newdealo
419	lane
419	preceding
419	unlikely
418	solicitors
418	wrong
418	tees
418	rydym
417	reviewed
417	remedy
417	assumptions
417	measure
416	rhywun
416	capture
416	fudd
416	bitte
415	modify
415	misleading
414	lleol
414	institutions
414	exception
414	lynn
414	contracted
413	hire
413	statistics
413	commissioners
412	gysylltu
412	aelod
411	sometimes
411	introduced
411	moving
411	verify
411	filed
410	deferred
410	japonica
410	significantly
410	intervention
409	stages
409	updated
408	strategic
408	instalments
408	straight
408	dealt
408	philippines
408	transitional
407	railway
407	arfer
407	try
407	fmcontent
407	assignment
407	considering
407	outer
407	xfa
406	questionarea
406	instance
406	oed
406	aspects
406	memorandum
405	victim
405	identifier
405	personol
405	tissues
405	simple
404	extended
404	multicoded
404	que
404	assembly
404	components
404	hwnnw
404	said
403	perthynas
403	outlined
403	stockton
403	winding
403	gofalwr
403	dropdown
403	walsall
403	ongoing
402	guaranteed
402	transferee
402	nk
402	costau
402	feel
402	het
401	generated
401	exist
400	soil
400	appears
400	permanently
400	prevacn
400	rc
400	pac
400	fewn
400	implementing
400	worth
399	tb
399	begin
399	ethnic
399	undertakings
399	knowingly
399	utility
399	derive
399	estimates
398	ariannol
398	endeavours
398	series
398	bolton
398	neither
397	peter
397	llenwi
397	opened
397	aelodau
397	onto
397	anabledd
397	cleveland
397	reached
397	hepatitis
397	disablement
396	bartner
396	vision
396	ddim
396	incl
396	den
396	licensable
396	hillingdon
395	impacts
395	bexley
395	cc
394	jobs
394	balances
394	oasis
394	determining
394	rpa
393	diwrnod
393	joseph
393	excepted
393	reply
392	caiff
392	leadership
392	travelling
392	fixtures
392	publicly
392	helpu
391	independence
391	opportunities
391	fe
390	organic
390	objects
390	dual
390	larger
389	rwy
389	westminster
388	dft
388	textphone
388	continuous
388	fact
388	crop
388	load
388	arrival
387	drawn
387	counter
387	though
387	oral
387	aia
386	vetting
386	cargo
386	nodi
386	package
386	nhw
386	gofal
386	offenders
385	million
385	programmes
385	interim
384	cyfanswm
384	duly
384	engineering
383	prevac
383	waltham
383	teachers
383	southampton
383	advantage
383	withdrawal
383	bay
383	calling
382	suspected
382	directed
382	idaci
382	seven
382	avenue
382	prospective
381	leading
381	healthcare
381	insufficient
381	exact
381	sentences
381	ad
381	maintaining
380	courts
380	affects
380	accurately
380	links
379	egg
379	resp
379	cwestiwn
379	telford
379	inc
379	opt
379	arrears
379	pl
379	ddyddiad
378	southwark
378	poor
378	success
378	charging
378	panicum
377	tf
377	nine
377	difficult
377	translational
376	extend
376	findings
376	cont
376	train
376	exercised
376	intangibles
376	increases
376	licensor
375	exceeds
375	newydd
374	quarterly
374	____
374	strong
374	gwestiwn
374	pressure
374	anaesthesia
374	inclusive
374	yrs
373	commitments
373	britain
373	raib
373	obtaining
373	gene
373	describes
372	mar
372	structures
372	resource
372	lay
372	dont
372	aided
372	medicines
372	electoral
372	plentyn
372	virtue
371	annexes
371	recommendations
371	ta
371	aeoc
371	measured
371	speak
371	reader
370	recover
370	judgment
370	sorp
370	mild
370	pregnancy
370	newport
370	poultry
370	predecessor
369	surveyor
369	peterborough
369	cyntaf
369	assure
369	headed
368	atwrneiaeth
368	uniongyrchol
368	om
368	reverse
368	frequency
368	lives
368	repaid
368	awdurdod
367	voucher
367	assigned
367	prescription
367	wording
366	ptrg
366	flood
365	vaccine
365	estates
365	switzerland
365	yng
365	feb
365	posted
365	delayed
364	wear
364	barnet
364	consulted
364	llps
364	selfassessmentforms
364	apart
364	cooling
363	shareholder
363	bleidleisio
363	lr
363	im
362	fam
362	seal
362	windsor
362	pounds
362	highest
362	procurement
362	managers
361	interpretation
361	incidents
361	debtors
361	perthnasol
361	windows
360	inflammation
360	smaller
360	clients
360	sick
360	raised
359	device
359	identical
359	walls
359	newark
359	friend
359	youth
358	treasury
358	happy
358	delivering
358	unknowns
358	llys
358	constitute
358	predicted
358	trap
358	qdoorstep
357	rwyf
357	exposure
356	hot
356	insulation
356	strategies
356	surviving
355	directions
355	jobcentre
354	tank
354	schedules
354	raise
354	sg
354	unsure
354	rhagor
354	financed
354	led
353	blackpool
353	eec
353	berkshire
353	waiver
353	becoming
353	avon
353	locations
353	requesting
353	middlesbrough
353	slough
352	represents
352	carex
352	trained
352	ydynt
352	exclusion
352	wahân
352	magistrates
352	symptoms
352	nw
351	notional
351	consortium
351	nt
351	store
351	denomination
351	yesord
351	allan
351	eragrostis
350	pcc
350	came
350	religion
350	cytundeb
350	lasting
350	derby
350	genuine
350	indicates
350	dweud
350	advertising
350	underwriters
350	airport
349	maestro
349	gwladol
349	governed
349	adeilad
349	offices
349	books
349	psn
349	notifying
348	papers
348	word
348	polygonum
348	world
348	gwasanaeth
348	laws
348	imported
348	ny
348	initials
348	trafford
347	exceptions
347	deer
347	cartref
347	personally
347	owe
347	syndicate
347	dialling
346	variations
346	darparu
346	bishop
346	remarks
346	thurrock
346	recruitment
346	invoices
346	attention
346	gweithio
346	regulator
345	india
345	gymorth
345	entities
345	encourage
344	detect
344	dose
343	targets
343	sandwell
343	acceptance
343	bats
343	_______
343	participate
343	gateway
343	solihull
342	got
342	ships
342	ho
342	tools
342	creditor
342	keeper
342	efficient
341	worksheets
341	cma
341	spread
341	sheep
341	harris
340	david
340	boys
340	apr
340	vulnerable
340	preventing
340	offset
340	capable
340	confirms
339	suppliers
339	compared
339	indirect
339	null
338	lonicera
338	night
338	visits
338	instructed
338	ytetmp
337	manuals
337	stolen
337	ignore
337	commonwealth
337	whichever
337	terrorist
336	veterans
336	domicile
336	assistants
336	fence
336	crew
336	relatives
335	administered
335	regularly
335	smith
335	citizens
335	asian
335	expediency
335	explaining
335	grantee
335	pro
334	cyd
334	queen
334	visual
334	gwlad
334	macedonia
334	absent
334	availability
334	gywir
334	attributable
333	sssi
333	pf
333	originals
333	calculator
333	pack
332	measurement
332	caution
332	coastguard
332	fo
332	commons
332	rhai
332	dob
332	suitability
332	blaenorol
332	majesty
331	poll
331	medication
331	exists
330	wight
330	enwau
330	manor
330	cessation
330	indicators
330	therapeutic
329	finland
329	poole
329	recipient
329	vnlstuse
329	av
329	lodged
329	importance
329	coming
329	graduate
329	stem
329	cyfnod
329	feed
329	discharging
328	willing
328	behavioural
328	contacting
328	absolute
328	ipomoea
328	mwyn
328	sustainable
328	cyfredol
328	inspections
327	binding
327	surveys
327	indonesia
326	inner
326	disqualified
326	denmark
326	occurs
326	ep
326	barcode
326	converted
326	russian
325	entertainment
325	eca
324	oldham
324	gweithredu
324	gave
324	passengers
323	untaxed
323	safeguarding
323	deputy
323	jobseeker
323	routes
322	withdraw
322	ifrs
321	opg
321	collective
321	orderline
321	principle
321	vaccination
321	certifying
321	regarded
321	mistake
321	gyfraith
321	disabilities
320	accompany
320	clerk
320	closely
320	cadarnhau
320	unol
320	brackets
320	computations
320	calls
319	spreadsheet
319	withheld
319	deck
318	tower
318	experienced
318	rotated
318	haringey
318	operative
318	digital
318	pinus
318	fyddwch
318	engagement
318	proprietorship
318	label
318	ordnance
317	began
317	corfforaethol
317	george
317	hun
316	improved
316	conditional
316	noise
316	taliadau
316	trinity
316	illegal
316	renew
316	advisers
316	penderfyniadau
315	inland
315	discounted
315	usage
315	recovered
315	conveyancers
315	mechanism
315	calderdale
315	widowed
315	emission
315	cubic
315	portsmouth
315	finish
315	dbs
315	signaturesignature
315	highly
315	communicate
315	releases
315	gwblhau
315	agriculture
314	amortisation
314	liver
314	courses
314	kesteven
314	deiliad
314	owns
313	renovation
313	redemption
313	von
313	inspected
313	loading
312	unmarried
312	distance
312	political
312	ministers
312	rhestr
312	indefinite
312	trees
311	ticking
311	virus
311	potentially
311	disqualification
311	trainee
311	drivers
311	substitute
310	differences
310	oherwydd
310	cleient
310	cyflwyno
310	peak
310	transit
310	gellir
309	workbook
309	cyngor
309	explanatory
309	canllawiau
309	heading
309	drawing
309	hackney
308	bespoke
308	southend
308	deployment
308	mor
308	fountainbridge
308	arts
308	enquiry
308	easily
308	trader
308	publish
308	interventions
307	devices
307	rôl
307	opposite
307	parcels
307	da
307	wirral
307	carrier
307	methodology
307	solutions
307	dna
307	leicester
307	consignment
307	cta
307	separated
306	waters
306	humanely
306	havering
306	llywodraeth
306	kill
306	anticipated
306	awards
306	drawings
306	gofyn
306	torbay
306	attending
305	bonus
305	revoked
305	brent
305	diabetes
305	probate
305	banc
305	mp
304	proteins
304	relationships
304	rated
304	ribble
304	disbursements
304	mechanical
304	container
304	salford
303	fhl
303	navigation
303	skin
303	consular
303	grange
303	das
303	informationi
303	approaches
303	farming
303	llai
303	deducting
302	lot
302	promote
302	briefly
302	pen
302	ceremony
302	africa
302	arwyddocaol
302	iwt
301	notifiable
301	elig
301	roles
301	movements
301	sicrhau
301	host
301	typed
301	helps
301	finally
300	guilty
300	unpaid
300	hiv
300	establishing
300	gateshead
299	task
299	prompt
299	practices
299	timing
299	pilot
299	guinea
299	stcw
299	extensive
299	recommendation
298	james
298	swyddog
298	pam
298	designation
298	ba
298	tumours
298	mynd
298	peidiwch
298	richmond
298	shipping
298	exclusively
297	integrated
297	preswyl
297	socne
297	impaired
297	guides
296	nothing
296	maps
296	worksheet
296	kirklees
296	dychwelyd
296	roll
296	pobl
296	clematis
296	ribes
296	simply
296	clean
296	enfield
296	hourly
296	structural
295	examined
295	registers
295	accreditation
295	senecio
295	exactly
295	vca
295	chinensis
295	returning
294	consignee
294	partial
294	imaging
294	traps
294	cwestiynau
294	meadow
294	fulham
293	dans
293	greenwich
293	cum
293	mining
293	implemented
293	hawliau
293	_____
293	kitchen
293	chair
293	estonia
293	divorce
293	verified
293	therapies
292	secretariat
292	module
292	discussion
292	generate
292	facts
292	cwblhewch
292	answering
291	earned
291	redundancy
291	rehabilitation
291	malvern
291	arranged
291	cancelled
291	luton
291	signatures
291	depend
290	chain
290	pathways
290	ymddiriedolaeth
290	domiciled
290	alban
290	logos
290	whenever
290	bench
290	hysbysu
290	elections
289	saints
289	annually
289	contracting
289	deciding
289	taunton
289	wherever
289	closure
289	situations
289	marking
289	miles
289	simplified
289	humanity
289	sail
289	regardless
288	drink
288	pound
288	cofnod
288	indicating
288	rutland
288	forecast
288	cyfarwyddwr
288	catering
288	sewer
287	abode
287	selling
287	eucalyptus
287	cyfenw
287	allowing
287	gb
286	counterparty
286	blackburn
286	reg
286	manufacturing
286	surgical
285	affecting
285	gwnewch
285	deposits
285	arnoch
285	yellow
285	san
285	holy
285	effectiveness
285	inclusion
285	hammersmith
284	flexible
284	executed
284	teitl
284	ben
284	repay
283	changing
283	naturalisation
283	genocide
282	african
282	acute
282	cyfyngedig
282	feeding
282	alteration
282	convert
282	cis
282	partneriaeth
282	farmers
282	demolition
281	surveillance
281	uni
281	deleted
281	installations
281	commit
281	edition
281	unnecessary
281	demonstrates
281	cysylltwch
281	adjudicator
281	ffi
280	tilewidth
280	ends
280	vsamples
280	tileheight
280	qfactor
280	ymwneud
280	aimed
280	assessing
280	depth
280	saving
280	institute
280	hsamples
279	referees
279	transferring
279	proposing
279	medicinal
279	height
279	roof
279	darwen
279	royaume
278	occupiers
278	coc
278	expressed
278	goron
278	cut
278	hazards
278	nomination
278	cyflogaeth
278	reolaeth
278	tool
277	prohibited
277	quote
277	michael
277	diagnosis
277	pellach
277	ddarparu
277	damp
277	speaking
277	purchaser
277	mileage
277	mainly
276	tu
276	music
276	merits
276	destroy
276	allwch
276	redcar
275	entire
275	diwethaf
275	shareholders
275	staffing
275	medicine
275	dod
275	promoting
275	preparing
275	forestry
275	approximately
275	weather
275	inspect
275	section_b
274	competency
274	finances
274	witnessed
274	pcs
274	sickness
274	maidenhead
274	invested
274	stress
274	bed
274	arferol
274	fingerprints
274	labour
273	broken
273	efficacy
273	commenced
273	starts
273	clinic
273	sbi
273	une
273	everyone
273	timings
273	reviews
273	ehrc
272	dudley
272	permitting
271	golygu
271	eye
271	brydles
271	indigofera
271	bpra
271	capability
271	warrington
271	harrow
271	ombudsman
271	aug
271	spring
271	adeiladu
270	classes
270	participation
270	disorders
270	borehole
270	angustifolia
270	civ
270	suspension
270	awareness
269	passing
269	roost
269	bs
269	cadw
269	window
269	gwerth
269	sacontactus
269	merseyside
269	prawf
269	puerto
269	breaches
269	epa
269	marital
268	sentenced
268	bedrooms
268	developer
268	rely
268	detection
268	resistance
268	fittings
268	lowest
268	cic
268	precise
267	dewis
267	causes
267	profile
267	tapered
267	designs
267	injection
267	für
267	bereavement
267	prejudice
267	diversity
266	telling
266	play
266	deall
266	wm
266	historic
266	vacder
265	hounslow
265	invest
265	faith
265	prif
265	presennol
265	commencement
264	correction
264	permissions
264	ark
264	fresh
264	reserved
264	joining
264	nft
263	wigan
263	audited
263	ratio
263	tameside
263	visitor
263	meals
263	floating
263	disclosures
263	chp
263	identifies
262	visiting
262	rail
262	dissolution
262	tystiolaeth
262	metal
262	eden
262	raw
262	iht
262	hour
262	newham
261	advocate
261	proposes
261	allocate
261	destruction
261	limitation
261	accessible
261	mergeformat
261	admit
261	dry
261	finding
260	footnoteref
260	repayable
260	strongly
260	populated
260	seiliedig
260	coding
260	harbour
260	indica
259	fulfil
259	plate
259	mastercard
259	reductions
259	discovered
259	aspx
259	complying
259	epb
259	advisor
259	pending
258	nag
258	cambridge
258	cluster
258	vulgaris
258	encouraged
258	urgent
258	grosstel
258	vaccines
258	accounted
258	occurrence
257	establishments
257	appropriately
257	unigol
257	implications
257	recycling
257	preference
257	io
256	pwy
256	stationery
256	weithredu
256	pvs
256	broad
255	older
255	investigating
255	implement
255	hambleton
255	doors
255	taw
255	atoch
255	turkey
255	expressions
255	indemnity
254	express
254	tsd
254	sefydliad
254	wandsworth
254	fundamental
254	torch
254	amdanoch
254	studying
254	delays
253	los
253	destroyed
253	brighton
253	headings
253	targeted
253	demonstration
253	mode
253	cyswllt
252	hear
252	panels
252	anfonwch
252	ward
252	mortgages
252	crops
252	transporter
252	cynllun
252	auditor
252	wenn
252	remainder
252	wrekin
252	bottom
252	zealand
251	molecular
251	door
251	recognise
251	validity
251	cewch
251	nuclear
251	blind
251	selective
251	respectively
251	formulaire
251	successfully
250	halton
250	asesiad
250	oddi
250	egress
250	represented
250	bersonol
250	enables
250	dclg
250	replaces
250	spontaneous
250	chronic
250	semi
249	protective
249	dv
249	observed
249	files
249	esa
249	mg
249	thank
249	compounds
248	uksi
248	daliad
248	minimal
248	listing
248	entrepreneurs
248	priod
248	candidates
248	abnormal
248	rhinwedd
248	viburnum
248	hybrids
248	col
248	cwblhau
248	dead
248	unregistered
247	lake
247	lambeth
247	divided
247	doctors
247	eag
247	instances
247	healthy
247	instruments
247	authorising
247	bearing
246	dangerous
246	fewer
246	honno
246	rodents
246	holdings
246	accruals
246	worcester
246	lofnodi
246	funeral
246	lawful
246	croatia
245	military
245	consumer
245	transition
245	npd
245	performing
245	incoming
245	retention
245	ysgrifennu
245	info
245	qualifies
245	math
245	lab
244	worship
244	dem
244	discomfort
244	______
244	penodol
244	piece
244	fails
243	restoration
243	sport
243	criterion
242	deep
242	economy
242	irish
242	execution
242	layout
242	bo
242	naill
242	payslips
242	parliamentary
242	nesaf
241	redbridge
241	memo
241	native
241	duplicate
241	supervisors
241	bb
241	exporter
241	edward
241	lady
241	forma
241	consequences
241	dedicated
240	repeat
240	badger
240	noted
240	ficus
240	ym
240	sorbus
240	ies
240	flag
240	refunds
240	adrannau
240	disapply
240	dark
240	rear
240	deanery
240	likelihood
240	infections
239	necessarily
239	liquid
239	sefton
239	las
239	stockport
239	revaluation
239	derivative
239	alarm
239	submissions
239	escape
239	basingstoke
239	tref
239	af
239	ormiston
239	msn
239	gwasanaethau
238	marriages
238	ip
238	barking
238	alongside
238	ranunculus
238	tonnage
238	absences
238	stand
238	bankruptcy
238	originally
238	causing
237	photocopies
237	malaysia
237	discussions
237	impôt
237	joined
237	expand
237	cd
237	ita
237	experiment
237	intensive
237	inserted
237	helens
237	amgylchiadau
237	increasing
236	fath
236	maiden
236	freeholder
236	markets
236	warehouse
236	boundaries
236	division
236	ffordd
236	parallel
236	slip
236	ago
236	typically
236	exclusive
236	regeneration
236	engineer
235	generation
235	divorced
235	accidents
235	bryd
235	paul
235	cymru
235	caniatáu
235	assisted
235	artificial
235	digitaria
234	aircraft
234	pick
234	fiscal
234	ymgeisydd
234	ymddiriedolwyr
234	deane
234	portugal
234	wybod
234	damaged
234	attack
234	venture
233	gate
233	initiative
233	disclosing
233	disregard
232	jurisdiction
232	australis
232	knowsley
232	justify
232	transmission
232	gefn
232	consolidated
232	displayed
232	formed
232	photo
232	bred
231	deaths
231	amdano
231	watercourse
231	finished
231	hr
231	toilet
231	repens
231	mi
231	vice
231	remedial
231	reject
231	firstname
231	goes
230	berson
230	volunteer
230	accordingly
230	invasive
230	hybrid
230	technologies
230	safeguard
230	temporarily
230	sight
230	coded
230	weld
230	satisfaction
230	cellular
230	casework
230	ias
230	contamination
229	litres
229	organiser
229	recklessly
229	occupancy
229	jbaway
229	austria
229	islington
229	cassia
228	apportioned
228	images
228	cyfalaf
228	copied
228	seeds
228	dvage
228	reliable
228	modification
228	gystal
227	commercially
227	directorate
227	indicator
227	docproperty
227	printing
227	waith
227	soft
227	decimal
227	va
227	complies
227	varying
226	rheolaeth
226	llinell
226	decides
226	vnever
226	corruption
226	conjunction
226	bury
226	aml
226	lack
226	pe
226	caribbean
226	tenure
226	arose
225	contingent
225	builder
225	counted
225	pigs
225	gallech
225	chymorth
225	atom
225	heaters
225	anuniongyrchol
225	lord
225	nationals
225	achieving
225	walking
225	jul
225	grey
225	vin
225	hartlepool
225	numbered
225	newton
224	partie
224	bond
224	prefix
224	anabl
224	selfearn
224	grazing
224	disturbance
224	referring
223	wiki
223	db
223	pregnant
223	mind
223	considerations
223	gathering
223	cas
223	spending
223	honours
222	lastname
222	privately
222	fyddech
222	memory
222	supplying
222	brother
222	unlisted
222	valuations
222	boiler
222	disposition
222	grain
222	consists
221	proportionate
221	nam
221	ealing
221	ur
221	seizure
221	resolve
221	especially
221	horizon
221	modelling
221	arhosol
221	copi
221	eine
221	hamlets
220	admissions
220	fencing
220	recently
220	william
220	mammals
220	iddo
220	consecutive
220	appraisal
220	oni
220	etholiadol
220	vii
220	oxford
220	anafiadau
219	independently
219	fte
219	wrking
219	sound
219	vo
219	ymarfer
219	adaptations
219	chassis
219	mediation
219	benodi
219	disregarded
219	valued
219	inventory
219	participating
219	presentation
219	withholding
219	garage
219	amdanynt
219	consolidation
219	cardiovascular
218	gm
218	transgenic
218	flight
218	norton
218	chelsea
218	rai
218	transformation
218	bai
218	salwch
218	________
218	nationalities
218	priory
218	participants
218	lloegr
218	gorchymyn
218	laid
217	tells
217	vcu
217	inflammatory
217	fynd
217	spiraea
217	courier
217	spss
217	salaries
217	sawl
217	embryos
217	conference
217	martin
216	ukvi
216	unremittable
216	horse
216	isa
216	gyfeiriad
216	thermal
216	dissolved
216	icta
216	broadly
216	supplemental
216	psi
216	correspond
216	timescales
216	deeply
216	wokingham
216	europe
216	ist
216	detailing
216	mai
216	pitch
215	nd
215	victims
215	gwarcheidwad
215	cyflogwr
215	shop
215	couples
215	suspended
215	hove
215	objection
215	assessor
215	acknowledgement
214	dales
214	infants
214	harrogate
214	ordinarily
214	farmer
214	paspalum
214	gt
214	damages
214	subcontractor
214	preliminary
214	everwk
214	investor
214	replacing
214	browse
214	subsection
214	rhanbarth
213	appliances
213	traded
213	sized
213	hope
213	tear
213	grove
213	europa
213	financially
213	pests
213	iddynt
213	inspectors
213	governments
213	hills
213	pour
213	landowner
212	putting
212	controlling
212	liquidation
212	roman
212	draw
212	wikipedia
212	policing
212	reduces
212	humane
212	trailers
212	pleidleisio
212	functional
212	badgers
212	affordable
212	onset
211	lleoliad
211	desmodium
211	booking
211	deductible
211	interactions
211	portfolio
211	wda
211	maths
211	untrue
211	amber
211	occurring
211	cardholder
211	hypericum
211	invited
210	dispatch
210	sp
210	enrolment
210	electric
210	width
210	yjb
210	blynyddol
210	gro
210	fu
210	survival
210	kw
210	incineration
209	blychau
209	mould
209	landline
209	judgement
209	photos
209	suitably
209	lancaster
209	elect
209	locally
209	consistency
209	cycle
209	atebolrwydd
209	prices
209	för
209	bone
209	chpqa
209	nodir
209	bad
209	denominator
209	dosbarth
209	justified
209	rn
209	itt
209	unlawful
208	representing
208	pet
208	copying
208	similarly
208	comes
208	experts
208	carlisle
208	primarily
208	attended
208	inheritancetax
208	noyes
208	ddod
208	cyllid
208	bfpo
208	stakeholders
208	unsuitable
208	engage
208	scirpus
208	pm
208	limitations
208	imm
208	clinician
207	adding
207	ukba
207	merton
207	lewisham
207	glossary
207	cyfeirnod
207	advocacy
207	creative
207	adapted
207	judge
207	dies
207	grouping
207	campaign
207	penodi
207	bosibl
207	dystiolaeth
207	lung
207	subscriber
207	seasonal
207	nest
206	ponds
206	norwich
206	prosecuted
206	newly
206	dagenham
206	fi
206	flex
206	nov
206	gesellschaft
206	adopt
206	chenopodium
205	importer
205	gallai
205	cap
205	dderbyn
205	ddalen
205	indication
205	creating
205	trifolium
205	securely
205	rhag
205	ddydd
205	capitalised
205	ren
205	diocese
205	bidding
205	sefydliadau
205	hei
204	dystysgrif
204	alter
204	constraints
204	disciplinary
204	pubescens
204	teams
204	effeithio
204	sister
204	addressing
204	exceptionally
204	treating
204	grandiflora
204	digest
204	cph
204	defects
203	prudential
203	stream
203	webarchive
203	wyre
203	precautions
203	tystysgrif
203	fm
203	widow
203	preston
203	czech
203	victoria
202	asiantaethau
202	prejudicial
202	sectors
202	conformity
202	bulk
202	induction
202	wishing
202	ea
202	join
202	stations
202	robust
202	refunded
202	muscle
202	auditors
201	rivers
201	ydym
201	cyfarwyddwyr
201	vosa
201	urban
201	ict
201	governors
201	unspent
201	raising
201	vegetation
201	requester
201	km
201	admitted
201	stability
201	bml
201	restrict
201	bicubic
201	examiner
201	trg
200	yna
200	says
200	miscellaneous
200	wait
200	descriptions
200	notwithstanding
200	stores
200	woman
200	cole
200	brassica
200	wirio
200	scheduled
199	deprivation
199	nervous
199	waterways
199	reaching
199	latifolia
199	offers
199	nawr
199	hysbysiadau
199	disorder
199	lose
199	eller
199	loft
199	dimensions
199	occupy
199	exported
198	protein
198	commence
198	intake
198	tariff
198	ctrl
198	western
198	gallwn
198	gear
198	rhannu
198	hub
198	canran
198	carriage
198	facilitate
198	subsistence
198	indoors
198	wahanol
197	constructed
197	cotoneaster
197	examine
197	kensington
197	cyfrifon
197	spv
197	multiplied
197	benchmarking
197	bear
197	hawlio
197	swydd
197	agored
197	toxicity
197	substantially
197	poverty
197	absolutely
196	dc
196	arbitration
196	ldatetime
196	expired
196	namespace
196	surrendered
196	summer
196	progression
196	watch
195	equally
195	penderfyniad
195	som
195	alliance
195	holidays
195	classified
195	departmental
195	colchester
195	rentf
195	renewals
195	mag
195	legislative
195	depends
194	outdoors
194	safely
194	milk
194	remission
194	bedsit
194	nominate
194	void
194	payee
194	directs
194	berchen
194	alba
194	custodial
194	thollau
194	strains
193	chichester
193	approve
193	prydles
193	gofrestredig
193	lincoln
193	breaks
193	prove
193	fruit
193	juncus
193	apportion
193	ehc
193	traditional
193	ofyn
193	acknowledge
192	composition
192	highlighted
192	initially
192	subsidiaries
192	originator
192	adjoining
192	childminder
192	swyddogol
192	conferred
192	rumex
192	adresse
192	datum
192	modifications
192	enabling
192	zebrafish
192	exposed
192	breeders
192	commissioned
192	sett
191	hi
191	mineral
191	accepts
191	asking
191	canllaw
191	clubs
191	householder
191	payroll
191	leaves
191	dogs
191	flwyddyn
191	discrimination
191	install
191	geographical
191	slurry
191	bankrupt
191	theft
191	scoring
191	fp
191	su
191	est
191	leased
191	newidiadau
191	modern
191	hoffech
190	separation
190	cotswold
190	indicative
190	ses
190	parks
190	naddo
190	ffurflenni
190	rywun
190	reform
190	relbus
190	ifanc
190	lodge
190	threat
190	astragalus
190	betula
190	wells
190	serial
190	trainees
190	cultural
189	gyhoeddus
189	remedies
189	contributing
189	mission
189	symud
189	___________________________________________
189	gyfrannau
189	camden
189	effort
189	nerve
188	employ
188	swansea
188	occidentalis
188	entitlements
188	colindale
188	thinking
188	organs
188	computation
188	global
188	serves
188	containers
188	sells
188	ef
188	workshop
188	rm
188	ceases
188	gofalu
188	molecules
187	pence
187	diagrams
187	yg
187	chemicals
187	disallowable
187	intervals
187	completely
187	antibodies
187	fast
187	ecp
187	perchennog
187	define
187	construed
187	radio
187	materially
187	sylweddol
187	failing
187	sec
187	tŷ
187	colleges
187	highlight
187	cr
187	blaen
186	respective
186	unocc
186	donref
186	undertaker
186	flexempty
186	admin
186	amenities
186	dvelig
186	initiatives
186	llythrennau
186	accom
186	demonstrated
186	resulted
186	regime
186	revoke
185	deeds
185	andrew
185	eisoes
185	frequently
185	posts
185	extreme
185	helping
185	postage
185	merchant
185	circus
185	caring
185	meddyliol
185	clarification
184	respiratory
184	ddau
184	newstat
184	sinensis
184	aros
184	legacy
184	villosa
184	cymdeithasol
184	entreprise
184	ones
184	faults
184	boats
183	rejection
183	erica
183	bracknell
183	preferences
183	trials
183	tied
183	wyf
183	investigated
183	spa
183	eithrio
183	degrees
183	developments
183	posting
183	cyprus
182	awaiting
182	emailed
182	individually
182	granting
182	diogelu
182	deferment
182	kidney
182	ddirprwy
182	biodiversity
182	olb
182	thereof
182	son
182	consignor
182	functionality
182	restrictive
182	leol
182	undergo
182	temple
182	killing
181	teulu
181	veterinarian
181	discussed
181	vernonia
181	relied
181	dylai
181	attempt
181	partially
181	americana
181	ffioedd
181	stryd
181	chose
181	receptors
181	attitudes
181	unavailable
181	stafford
181	mainstream
181	ns
180	networks
180	epr
180	occasion
180	happened
180	winter
180	ir
180	barhau
180	insurer
180	discovery
180	tomentosa
180	cysylltu
180	packing
180	remitted
180	endorsed
180	awr
180	margin
180	objections
180	surveyors
180	stat
180	subscribed
180	formerly
180	continuously
179	ps
179	brake
179	ownbus
179	inter
179	asc
179	milestones
179	tai
179	technique
179	subscriptions
179	materion
179	leads
179	rare
179	irrespective
179	parameters
179	bwyd
179	rochdale
179	visitors
179	frame
179	literature
179	commonly
178	och
178	passes
178	quarantine
178	substantive
178	il
178	informal
178	ganolfan
178	varied
178	contravention
178	parviflora
178	ver
178	comp
178	mat
178	encourages
178	additionally
178	mamolaeth
177	aa
177	um
177	ancillary
177	incur
177	________________________________________________
177	agreeing
177	voor
177	dda
177	surcharge
177	conducting
177	christ
177	wrthych
177	gwestiynau
177	ash
177	possess
177	accountability
177	chartered
177	recall
177	corff
177	bacs
177	suffered
177	eithriad
177	artistic
177	season
176	cyfreithiwr
176	amaranthus
176	shower
176	rot
176	elizabeth
176	settings
176	welcome
176	tanks
176	enhance
176	sherwood
176	sat
176	maximise
176	weights
176	mathematics
176	glauca
176	physiological
176	valuable
176	leiaf
176	priorities
175	anomaly
175	northampton
175	compliant
175	manufactured
175	deddf
175	nursing
175	notifications
175	speech
175	dylid
175	pol
175	devolved
175	eleocharis
175	cyfrannau
175	big
174	comparison
174	signalling
174	delegated
174	urine
174	advertisement
174	proficiency
174	infected
174	combustion
174	cvv
174	retail
174	breckland
174	contingency
174	ft
174	evaluate
174	conversions
174	exhaustive
174	unincorporated
174	incorporate
174	harborough
174	resolved
174	attachments
174	seller
174	malus
174	bathroom
173	sercop
173	braille
173	consumers
173	washing
173	carries
173	brisio
173	likeness
173	disposing
173	poland
173	protecting
173	dl
173	levies
173	brazil
173	revenu
173	sufficiently
173	interior
173	disgwyl
172	disturb
172	mhra
172	ethnicity
172	cymryd
172	receivable
172	sleep
172	anghywir
172	een
172	elegans
172	arrived
172	executor
172	foods
172	hunangyflogedig
172	analyses
172	specifying
171	reaches
171	obliged
171	ddibenion
171	amodau
171	britischen
171	compare
171	commodity
171	relevance
171	tâl
171	directives
171	defendant
171	fundraising
171	chance
171	logo
170	dean
170	gafodd
170	labelling
170	vk
170	pathway
170	handled
170	demonstrating
170	integrity
170	natur
170	circle
170	hinckley
170	formular
170	learn
170	arbennig
170	readily
170	canterbury
170	chyfeiriad
170	byd
170	anniversary
170	africana
169	visited
169	ab
169	distributed
169	gilts
169	bwysig
169	artemisia
169	witnesses
169	metabolic
169	rif
169	royalty
169	ncs
169	robert
169	oak
168	participant
168	workplace
168	twice
168	dk
168	downloaded
168	educationgovuk
168	environmentally
168	cefas
168	delegate
168	dangos
168	renting
168	qxd
168	adp
168	farchnad
168	repeated
168	library
168	srn
168	password
168	gyfradd
168	enduring
168	flooding
168	farw
168	mutual
168	locate
167	manualsa
167	oeddech
167	ot
167	apportionment
167	lessee
167	cynnal
167	commutation
167	achievement
167	yh
167	reimbursement
167	outgoings
167	cer
167	earliest
167	supplement
167	gweld
167	beis
167	stone
167	voluntarily
167	timetable
167	suffer
167	sensitivity
167	lottery
167	ystyried
167	cyfiawnder
167	wage
167	innovative
166	literary
166	disbursement
166	operates
166	paternity
166	assign
166	mwh
166	dover
166	journeys
166	drinking
166	fimbristylis
166	hibiscus
166	installed
166	everything
166	settlements
166	pumps
166	kettering
166	quota
166	negotiations
166	fairly
166	macedonian
166	ukinmacedonia
166	alleged
165	placements
165	continues
165	servant
165	reino
165	believes
165	object
165	asiant
165	hwy
165	disputes
165	civilian
165	occasional
165	frs
165	hearings
165	setaria
165	license
165	richmondshire
165	cutting
165	ic
165	subjects
165	towns
165	feature
165	probe
165	consequence
165	ryedale
164	weston
164	aids
164	promotion
164	subscribers
164	palustris
164	pathogens
164	weithio
164	cpr
164	lu
164	abbey
164	vocational
164	excellent
164	catch
164	pv
164	newspaper
164	cymhorthdal
164	sarb
164	contrary
164	antenatal
164	exeter
164	professionals
164	friendly
164	cymraeg
164	att
164	signals
164	thresholds
164	marginal
164	abies
163	officials
163	opposition
163	craven
163	perchnogaeth
163	salvia
163	gla
163	ideally
163	crossing
163	briodol
163	allium
163	sanctuary
163	influenza
163	ymlaen
163	viable
163	unido
163	ports
163	smoke
163	generic
163	arvensis
163	notary
163	acrobat
162	op
162	bidders
162	orientalis
162	cold
162	negligence
162	cuscuta
162	foot
162	mon
162	cyflog
162	larvae
162	dishonestly
162	heavy
162	selby
162	seat
162	ymddangos
162	trips
162	supervising
162	priodol
162	talent
162	integration
162	moj
162	consist
162	aus
162	isolated
162	transplantation
162	urn
162	wound
162	complexity
162	tonbridge
161	among
161	isles
161	tenths
161	analysed
161	incidental
161	recoverable
161	successor
161	actively
161	discounts
161	scan
161	fishery
161	zu
161	ccs
161	inputs
161	jun
161	commonhold
161	lilium
161	filter
161	wefan
161	offering
161	exploitation
161	consultants
161	crested
161	bribery
161	metric
161	tulipa
161	updates
161	collecting
161	voyage
161	quantities
161	seals
161	adequately
160	settle
160	contributed
160	par
160	inaccurate
160	donated
160	eryngium
160	racemosa
160	ysgrifennydd
160	viola
160	yacht
160	aristida
160	realised
160	dogfennau
160	ti
160	vaccinium
160	arm
160	messages
160	crayfish
160	maidstone
160	nom
160	appointing
160	cofrestrydd
159	tanker
159	measurements
159	hands
159	reconciliation
159	covenants
159	runs
159	producing
159	stamped
159	indemnify
159	biometrics
159	intermediate
159	gros
159	flexibility
159	facebook
159	recognises
159	participator
159	american
159	adjust
159	associate
159	unusual
159	unemployed
159	mot
159	supervisory
159	llythyr
159	pca
159	validated
158	mains
158	awdurdodau
158	pathogen
158	populations
158	infiltration
158	pneumococcal
158	sporting
158	defnydd
158	studied
158	citrus
158	aspect
158	securing
158	veuillez
158	acted
158	intent
158	gloucester
158	decreases
158	procure
158	xx
158	ysbyty
158	domain
158	biology
158	ja
158	por
158	oy
158	paniculata
158	pattern
158	apparatus
158	ultimately
157	votre
157	classed
157	indian
157	centaurea
157	consultancy
157	bras
157	diplomatic
157	mv
157	determines
157	oxalis
157	chinese
157	neighbourhood
157	byddai
157	populus
157	enrol
157	rabies
157	spot
157	potamogeton
157	nurse
157	packaging
157	barhaus
157	multiply
157	accessed
157	pub
157	alpha
156	cherwell
156	assume
156	cu
156	existence
156	contaminated
156	gaps
156	rhifau
156	lieu
156	skopje
156	obesity
156	conform
156	diwydiannol
156	versions
156	riverside
156	shape
156	boston
156	heard
156	gwreiddiol
156	msf
156	rugby
156	supports
156	cirsium
156	ble
156	gwefan
156	physically
156	gyfreithiol
156	tidal
155	gartref
155	brand
155	debtor
155	epc
155	baban
155	averaging
155	ffoniwch
155	archives
155	rhwng
155	asedau
155	teil
155	gap
155	voles
155	ers
155	rateable
155	gyfrif
155	bartneriaeth
155	uwch
155	sida
155	bps
155	committees
154	malta
154	complain
154	ilex
154	templates
154	administering
154	hague
154	juniperus
154	unwaith
154	gytundeb
154	gracilis
154	tuberculosis
154	till
154	fluid
154	amateur
154	treaties
154	hectares
154	revocation
154	entrance
154	sender
153	aston
153	wychavon
153	derelict
153	scilly
153	councils
153	iceland
153	adeg
153	þÿ
153	saved
153	cofnodion
153	arno
153	neuronal
153	plot
153	formtext
153	enclosing
153	solution
152	flows
152	boarders
152	geben
152	unsuccessful
152	korea
152	outturn
152	reside
152	earning
152	rodent
152	access_validation
152	comparable
152	sibs
152	army
152	html
152	cpvo
152	behind
152	promoter
152	begins
152	erbyn
152	administer
151	inappropriate
151	gained
151	bapur
151	exempted
151	clothing
151	statute
151	inert
151	psv
151	det
151	art
151	stamps
151	pbs
151	floors
151	withhold
151	luxembourg
151	purchasing
151	unsatisfactory
151	fn
151	radionuclides
151	aside
151	warnings
151	statudol
151	insolvent
151	deadlines
150	topic
150	rhain
150	chelmsford
150	wash
150	forum
150	belong
150	authorises
150	srcinct
150	ardrethu
150	gweini
150	maisonettes
150	resting
150	lanceolata
150	retired
150	reimbursed
150	careful
149	barrow
149	dissatisfied
149	garden
149	severely
149	occasionally
149	impose
149	xxx
149	respondents
149	argentina
149	informing
149	hungary
149	retaining
149	antibody
149	today
149	taught
149	strike
149	drwydded
149	practitioners
149	decommissioning
149	coal
149	investors
149	relations
149	film
149	familiar
149	ffonio
149	veronica
148	arab
148	sefn
148	populate
148	rat
148	suggested
148	rolling
148	babies
148	modd
148	adoptive
148	rheolwr
148	historical
148	hanfon
148	ordered
148	cfo
148	spp
148	ons
148	french
148	adaptation
148	injured
148	tp
148	cert
148	dh
148	generating
148	gennym
147	mortem
147	wellbeing
147	officinalis
147	liquids
147	canadensis
147	proffesiynol
147	mendip
147	seriously
147	fighting
147	batch
147	smp
147	suisse
147	fares
147	recreation
147	jpeg
147	colleagues
147	ff
147	captured
147	neural
147	releasing
147	vitis
146	guarantees
146	wet
146	switch
146	winchester
146	ballots
146	concluded
146	ofynnol
146	waive
146	statistically
146	milestone
146	sterile
146	longifolia
146	fyddwn
146	coverage
146	specifications
146	growing
146	sept
146	declarant
146	goodwill
146	consenting
145	typical
145	gadw
145	slips
145	constitutes
145	romania
145	deposited
145	ydwyf
145	outwood
145	subcontractors
145	chofrestru
145	harmful
145	associations
145	ddechrau
145	disagree
145	inadequate
145	mixture
144	fri
144	arriving
144	resmth
144	audience
144	roddwyd
144	specifies
144	pilosa
144	reservation
144	scarborough
144	compute
144	covenant
144	ventilation
144	gwraig
144	assistant
144	ceisio
144	boilers
144	trb
144	hb
144	gets
144	appearance
144	converter
144	lutea
144	enters
144	suggest
144	rhiant
144	isolation
144	concentration
143	hereford
143	cynilion
143	daventry
143	grand
143	dyma
143	huntingdonshire
143	opens
143	timely
143	remediation
143	sewerage
143	relying
143	buyer
143	exceeded
143	exclusions
143	attributed
143	audio
143	went
143	accumulation
143	factory
143	reclassification
143	grow
143	sentencing
143	invitation
143	complement
143	zip
143	ashford
142	viability
142	dta
142	epping
142	staying
142	vicia
142	preifat
142	simpler
142	style
142	sylwadau
142	bromus
142	landscape
142	weighting
142	shooting
142	respects
142	motorcycle
142	newts
142	deals
142	ynghylch
142	upgrade
142	philadelphus
142	tolerance
142	communal
142	intermedia
142	delir
142	stroud
142	benthyciad
142	measuring
142	ebrill
142	suffix
142	mexico
142	interfere
142	prha
142	sporobolus
142	lowatt_
142	meter
142	anticipate
142	minimised
142	spinosa
141	excessive
141	margaret
141	decree
141	gymryd
141	despatch
141	metre
141	accepting
141	titles
141	barn
141	seafarer
141	ia
141	poa
141	delta
141	lessons
141	britannique
141	hastings
141	leasing
141	twelve
141	undergone
141	appendices
141	neurons
141	focused
140	sac
140	cam
140	gmp
140	bellach
140	wed
140	daladwy
140	feasibility
140	dctencode
140	intelligence
140	heater
140	laboratories
140	topics
140	etpl
140	reflects
140	surnames
140	fraxinus
140	leaf
140	pools
140	hqrefusal
140	hedges
140	possibly
140	digwydd
140	thereby
140	banker
140	assured
140	handle
140	cgn
140	analytical
140	tickets
140	chart
139	barriers
139	bureau
139	edmundsbury
139	edged
139	sun
139	chancellor
139	syphilis
139	rf
139	booked
139	tyre
139	lakeland
139	gyflawn
139	beam
139	cautions
139	debited
139	demanded
139	illnesses
139	enhancement
139	asesu
139	cavity
139	controllers
139	unreasonably
139	oedi
139	pump
139	concrete
139	borrower
139	foregoing
138	numerator
138	eeig
138	angladd
138	___
138	firearm
138	donation
138	beidio
138	cremation
138	authenticity
138	nicholas
138	machines
138	litigator
138	gostau
138	gossypium
138	foul
138	purpurea
138	accountants
138	procumbens
138	stops
138	fetal
138	monument
138	vereinigten
138	hatfield
138	divestment
138	deletion
138	plantago
138	pln
138	unsecured
138	woodlands
138	sides
137	offs
137	detached
137	kinds
137	talk
137	enforce
137	sheltered
137	reception
137	hygiene
137	chile
137	exterior
137	examinations
137	dog
137	induced
137	cytuno
137	strictly
137	viet
137	oedran
137	assumed
137	monies
137	sacred
137	med
137	diff
137	nets
137	contactus
136	eat
136	translated
136	capensis
136	barrister
136	sib
136	maritima
136	welsh__
136	earmarked
136	braintree
136	omissions
136	lles
136	biosecurity
136	makers
136	embryo
136	con
136	routing
136	decrease
136	render
136	ardal
136	lo
136	aquatic
136	ddangos
136	walk
136	danger
136	wycombe
136	abstract
136	opponent
136	babergh
136	wheelchair
136	houseboat
135	chewch
135	mooring
135	gynnal
135	organised
135	significance
135	knows
135	cofiwch
135	prof
135	men
135	gwirionedd
135	lyme
135	chwblhau
135	pi
135	clogged
135	agenda
135	challenges
135	clarify
135	schmyr
135	cv
135	profedigaeth
134	bidder
134	gyntaf
134	enforces
134	mentally
134	siŵr
134	strength
134	ng
134	detention
134	yarmouth
134	ipswich
134	interviews
134	belonging
134	dpa
134	scandens
134	firearms
134	gorau
134	computed
134	outbreak
134	loop
134	cat
134	guildford
134	atal
134	moor
134	swiss
134	grass
134	nl
134	observation
134	forfeiture
134	targeting
134	chamber
134	brown
134	litigation
134	dartford
134	colours
133	remote
133	deutzia
133	ca
133	excludes
133	strict
133	gilydd
133	caseworker
133	occasions
133	cosr
133	overnight
133	launch
133	stroke
133	furthermore
133	opted
133	informations
133	anaesthetic
133	swale
133	rape
133	valuer
133	ambulance
133	typewritten
133	shell
133	viral
133	craft
133	furnishings
133	qi
133	surgeon
133	côd
133	olaf
133	radionuclide
133	intending
132	offender
132	buses
132	achievements
132	diagnosed
132	aster
132	fires
132	abschnitt
132	canescens
132	suspect
132	constitution
132	infectious
132	microphylla
132	glasgow
132	accumulate
132	punishment
132	ftcr
132	ferrers
132	underpinning
132	tc
132	waveney
132	abyssinica
132	easier
132	ardrethol
132	gopi
132	wnaethoch
132	yx
132	stopping
131	orobanche
131	ddychwelyd
131	daughter
131	annum
131	explanations
131	consultations
131	mutations
131	epilepsy
131	differ
131	bassetlaw
131	meat
131	regions
131	bensiwn
131	severance
131	gather
131	ail
131	extract
131	afu
131	restraint
131	organisms
131	____________________________________________________________________
130	gyfnod
130	wants
130	stricta
130	onerous
130	regards
130	swyddogaethau
130	zoo
130	bei
130	shorter
130	supervised
130	governor
130	descent
130	arc
130	thought
130	leader
130	expressly
130	heterophylla
130	breast
130	edrych
130	radiation
130	hirsuta
130	mill
130	ysgrifennwch
130	corby
130	employing
130	carriers
130	expended
130	fmsplitpages
129	diet
129	mile
129	eyesight
129	gwelwch
129	sr
129	daphne
129	heliotropium
129	taxi
129	yot
129	documented
129	burden
129	mammalian
129	bacteria
129	srgb
129	incentive
129	accompanies
129	hotel
129	avoided
129	adr
129	rationale
129	anifail
129	gar
129	laundering
129	breeder
129	transparency
129	cage
128	ht
128	hawliadau
128	bidens
128	seats
128	presenting
128	frequent
128	adnabod
128	grassland
128	finishing
128	bi
128	placing
128	refrigeration
128	sustained
128	varies
128	broadland
128	chase
128	qcf
128	lawfully
128	fifth
128	elseif
128	vulgare
128	kong
128	microsoft
128	preparations
128	dyd
128	advances
128	instructor
128	dispensing
127	organism
127	cipfa
127	rhus
127	trethi
127	frem
127	nrl
127	mansfield
127	app
127	stipa
127	appropriations
127	gredyd
127	vacancy
127	scholarship
127	hawlfraint
127	rushcliffe
127	breed
127	dechrau
127	opsi
127	rapid
127	steam
127	torture
127	intermediary
127	phyllanthus
127	monetary
127	lets
127	maent
127	realistic
127	integral
127	bulgaria
127	produces
127	shaded
127	ditch
127	ffurf
127	rpi
127	deficiency
127	legacies
127	gyfrifol
126	tanysgrifydd
126	session
126	_____________________________
126	nino
126	erecta
126	humilis
126	melton
126	overpaid
126	cyfradd
126	glabra
126	humberside
126	onderneming
126	micro
126	tir
126	acid
126	outright
126	teuluol
126	thereafter
126	oleracea
126	trainer
126	beauty
126	pfn
126	instalment
126	emotional
126	reminder
126	immunity
126	feeder
126	recreational
126	trademark
126	aboutmyvote
125	connections
125	lock
125	aee
125	nicotiana
125	incapable
125	propulsion
125	cumulative
125	ipo
125	ecaa
125	captive
125	susceptible
125	rb
125	induce
125	evidenced
125	authorisations
125	bede
125	phensiynau
125	calibration
125	naming
125	newt
125	timber
125	takeover
125	hong
125	ceir
125	sch
124	vital
124	bin
124	sedgemoor
124	cleared
124	removing
124	museum
124	reckoner
124	geranium
124	wigston
124	nes
124	warrant
124	gases
124	casc
124	andropogon
124	sparsity
124	cornwallst
124	pooling
124	skipper
124	whatever
124	från
124	cfa
124	fleet
124	spf
124	richard
124	widely
124	coast
124	bt
124	portal
124	formally
124	interpreted
124	awst
124	gfra
124	gwnaethoch
124	macrophylla
124	declined
123	sunday
123	mount
123	possibility
123	warwick
123	weinyddiaeth
123	minerals
123	sativa
123	langley
123	challenging
123	forming
123	prevr
123	collaboration
123	tunbridge
123	signal
123	installing
123	gewch
123	fymhleidlaisi
123	reportable
123	attract
123	deficits
123	demised
123	testimonials
123	learner
123	basildon
123	implementer
123	bare
123	slaughter
123	externally
123	accommodate
123	uned
123	slovenia
123	swift
123	canolfan
123	rebates
122	silene
122	wit
122	ties
122	flags
122	seeks
122	promotes
122	beta
122	auf
122	doses
122	allerdale
122	amrywio
122	enillion
122	christmas
122	metabolism
122	unwarranted
122	preferably
122	cent
122	pipe
122	requisitions
122	prevented
122	unfair
122	darllenwch
122	vans
122	attachment
122	sponsors
122	conventional
122	websites
122	trafficking
122	anaf
122	awarding
122	sampled
122	corresponds
122	branches
121	analluogrwydd
121	cylinder
121	ov
121	naric
121	benderfynu
121	viruses
121	hebe
121	shortfall
121	difrifol
121	lodging
121	choosing
121	boards
121	nigra
121	faiths
121	motoring
121	euonymus
121	dom
121	matching
121	gcf
121	reit
121	helped
121	scleria
121	accumulated
121	strips
121	pieces
121	accessibility
121	plastic
121	lythrennau
121	liaison
121	ppi
121	magnolia
121	torridge
121	interaction
121	ratepayers
121	birthday
121	oo
120	race
120	transmitted
120	wellingborough
120	dfid
120	ddylanwad
120	bic
120	papua
120	cardiac
120	frutescens
120	chances
120	appellant
120	pets
120	disadvantage
120	speciosa
120	gymdeithas
120	votes
120	selecting
120	alive
120	manure
120	graduated
120	plates
120	deterioration
120	impoundment
120	pbr
120	japonicum
120	referenced
120	labels
120	stwalls
119	offi
119	britische
119	steering
119	hams
119	reconsideration
119	trademarks
119	liberty
119	conventions
119	scanned
119	relatively
119	ol
119	cultivation
119	teach
119	tewkesbury
119	venue
119	impediment
119	pharmaceutical
119	britischer
119	parishes
119	dyddio
119	ske
119	_________________
119	corrected
119	brook
119	warranty
119	efficiently
119	watford
119	seizures
119	agor
119	omitted
119	grave
119	sand
119	diagnostic
119	learners
119	exhibition
118	barton
118	importation
118	ciliata
118	eriocaulon
118	associates
118	strip
118	seagoing
118	rubra
118	anghenion
118	registrations
118	judgments
118	thailand
118	moorlands
118	zoom
118	unplanned
118	density
118	observations
118	goal
118	caerdydd
118	sanction
118	gwahanol
118	tobacco
118	borne
118	sensory
118	entrepreneurial
118	meddwl
118	ensures
117	wa
117	excellence
117	warm
117	nghwestiwn
117	manufacturers
117	fas
117	affirmation
117	omission
117	negotiating
117	vodafone
117	mcga
117	surfaces
117	precept
117	peace
117	wrthynt
117	gates
117	edit
117	aviation
117	moors
117	sequence
117	allegations
117	afps
117	layer
117	leisure
117	amv
117	rt
117	uttlesford
116	micrantha
116	banking
116	relieved
116	suite
116	conclusions
116	caniatâd
116	career
116	latter
116	chickens
116	halls
116	__________________________________________________
116	introduce
116	proj
116	charnwood
116	pti
116	wanted
116	_______________________________________________
116	chesterfield
116	på
116	holland
116	proceeding
116	negotiate
116	ignoring
116	byddaf
116	yachts
116	___________________________
116	sanctions
116	mollis
116	validations
116	gwneir
115	sustainability
115	ion
115	firms
115	tue
115	meaningful
115	owing
115	radius
115	festuca
115	trwy
115	surrounding
115	hyperlink
115	fault
115	prospectus
115	refugee
115	syringa
115	expects
115	abortion
115	toc
115	cornus
115	ceanothus
115	dramor
115	bachelor
115	behaviours
115	quantitative
115	concessionary
115	commelina
115	fits
115	reprimand
115	apprenticeship
115	informationen
115	moment
115	eto
115	königreich
115	dit
115	opuntia
115	responding
115	ge
115	judgements
115	oath
115	encumbrance
115	corner
115	ails
115	personne
115	picea
115	sms
115	nutrition
115	ilb
115	echinochloa
115	prosopis
115	enforced
114	atebwch
114	cordifolia
114	preserve
114	superintendent
114	scientists
114	cognitive
114	jersey
114	waverley
114	quarters
114	deprived
114	gysylltiedig
114	sessions
114	digon
114	masnachu
114	balanced
114	theory
114	datgan
114	constant
114	tachograph
114	bringing
114	democracy
114	coccinea
114	amdani
114	railways
114	conditionally
114	fraudulent
114	gofynnwch
114	pru
114	cannock
114	acmd
113	chorley
113	cycling
113	analyse
113	apel
113	kan
113	ethical
113	ci
113	distinguish
113	navigate
113	intensity
113	neurological
113	amex
113	hhldtype
113	abc
113	vc
113	ancient
113	assisting
113	testun
113	grandparent
113	ticket
113	awdurdodi
113	vacancies
113	mention
113	clothes
113	bands
112	consisting
112	umbrella
112	lewes
112	assays
112	pesticides
112	comprises
112	stakeholder
112	quick
112	eia
112	referendum
112	ph
112	ddefnydd
112	claimants
112	tabl
112	alnus
112	imports
112	opinions
112	portland
112	clicking
112	ctr
112	deliberately
112	teignbridge
112	vigna
112	pumila
112	shetland
112	astgda
112	translations
112	vts
112	disgrifiad
112	householders
112	desired
112	resettlement
112	ext
111	inherited
111	reproduce
111	discover
111	picture
111	galium
111	adjourned
111	fera
111	anywhere
111	cheltenham
111	formats
111	bosworth
111	bresennol
111	gweithredwr
111	detected
111	latvia
111	showcard
111	achosion
111	renewable
111	sludges
111	helpscreen
111	hmo
111	hidden
111	sizes
111	nominations
111	isas
111	democratic
111	anhawster
111	gurkha
111	wir
111	ageing
111	scicons
111	peasholme
111	efm
111	certifies
110	foss
110	montana
110	labelled
110	equivalents
110	horsham
110	gyd
110	ragor
110	gydag
110	nu
110	subsidy
110	glucose
110	oxygen
110	corfforol
110	congenital
110	plain
110	mmo
110	stateless
110	galluedd
110	gweithiwr
110	appointee
110	importing
110	rotundifolia
110	pas
110	magna
110	mrr
110	qui
110	gl
110	despite
110	detecting
110	forwarded
110	tendring
110	physiology
110	circulation
110	convertible
110	acknowledges
109	surveying
109	zones
109	slovakia
109	gadarnhau
109	nos
109	emppen
109	rother
109	yield
109	aggregated
109	developmental
109	henry
109	othreg
109	execute
109	brachiaria
109	wag
109	twitter
109	mx
109	avian
109	burton
109	satellite
109	morgais
109	tracking
109	reward
109	installer
109	transplant
109	aeo
109	abide
109	trying
109	ukprn
109	accessing
109	perpen
109	wlad
108	anyvisit
108	chiltern
108	workforce
108	grace
108	aan
108	dwelout
108	bynnag
108	smoking
108	dymuno
108	regulates
108	chicks
108	brentwood
108	straightforward
108	systemic
108	soils
108	hen
108	steuer
108	yearly
108	consulate
108	impossible
108	oow
108	languages
108	aspera
108	authori
108	timeframe
108	spicata
108	ts
108	indoor
108	chaiff
108	bedroom
108	worden
108	mix
108	stairs
108	thur
108	locality
108	dau
108	approver
108	crawley
108	naturalised
107	hrs
107	carchar
107	static
107	qinter
107	sations
107	cafodd
107	owning
107	headteacher
107	payslip
107	sevenoaks
107	meddyg
107	worldwide
107	underwriting
107	quorum
107	kästchen
107	roddir
107	är
107	milfeddygol
107	carriageway
107	prepayments
107	efforts
107	jamaica
107	basement
107	iddyn
107	hydraulic
107	utilities
107	sl
107	ewc
107	playing
107	dormice
107	tuag
107	gohebiaeth
107	fl
107	passage
107	ammunition
107	unexpected
107	deception
107	bottle
107	fare
107	laying
107	weee
107	characterised
107	immunisation
107	dataset
106	albans
106	emptemp
106	valuing
106	noe
106	delegation
106	ganlyniad
106	chicken
106	raf
106	purchases
106	trapping
106	berthynas
106	undertakes
106	leigh
106	gaultheria
106	meters
106	quite
106	remit
106	machine
106	atriplex
106	bonuses
106	phases
106	autumn
106	dns
106	lein
106	buddleia
106	tried
106	gynted
106	practising
106	empexp
106	hyfforddiant
106	mole
106	cvs
106	tephrosia
106	radar
106	polygala
106	moratorium
106	hispida
106	potentilla
106	kew
106	augustine
106	upton
106	santa
106	agrostis
106	sericea
106	desirable
105	negotiated
105	switching
105	mac
105	breath
105	endorsements
105	kitchens
105	nawdd
105	overpayment
105	sharepoint
105	tpa
105	annibyniaeth
105	toxic
105	residency
105	advisors
105	accountable
105	llety
105	warrants
105	datganiadau
105	idea
105	shipment
105	films
105	marketed
105	bovine
105	confer
105	keys
105	realisable
105	llease
105	orchard
105	offending
105	clock
105	livehere
104	odorata
104	malling
104	gmc
104	ss
104	ati
104	skilled
104	pledge
104	excl
104	ctc
104	trwydded
104	hhsrs
104	encouragement
104	harlow
104	convenient
104	regulate
104	ds
104	overtime
104	surrendering
104	pesticide
104	wealden
104	specialised
104	injections
104	analgesia
104	bedding
104	matched
104	prostrata
104	ddiogel
104	feasible
104	lube
104	dreth
104	sind
104	debentures
104	glasses
104	numéro
104	upin
104	secretaries
104	caravan
104	receptor
103	cynhwysol
103	widows
103	eventually
103	advocates
103	insulin
103	scenarios
103	lathyrus
103	clearing
103	nederland
103	lawrence
103	shelter
103	injected
103	video
103	iso
103	organisational
103	acalypha
103	passiflora
103	tag
103	keppel
103	overdraft
103	redeemed
103	burnley
103	bromsgrove
103	____________________________________
103	destructive
103	decline
103	breathing
103	functioning
103	glass
103	complications
103	heblaw
103	spinal
103	pfa
103	bwrdd
103	dental
103	min
103	cistus
103	atodlen
103	cohort
103	transferable
102	fareham
102	californica
102	zinsen
102	borrowed
102	terminating
102	replicate
102	hir
102	ib
102	gennyf
102	burial
102	endpoints
102	obvious
102	structured
102	leaveuntagged
102	scotlocgov
102	esemptiad
102	adversely
102	pin
102	fed
102	migration
102	eastbourne
102	believed
102	ymhle
102	rabbits
102	briod
102	servient
102	staple
102	drin
102	counts
102	oeddwn
102	fuels
102	planting
102	annomestig
102	producer
102	ovata
102	annexe
102	rheswm
102	landward
102	tenancies
102	ease
102	francis
102	croatian
102	briefing
102	mothers
102	image
102	allai
102	alarms
101	bilateral
101	mortality
101	navy
101	unfit
101	mariscus
101	reviewer
101	newborn
101	hardship
101	collects
101	marsh
101	pins
101	furness
101	airports
101	chymru
101	llywodraethol
101	advising
101	desk
101	legitimate
101	pig
101	reflected
101	prn
101	hence
101	cord
101	cymdeithas
101	uplift
101	bacterial
101	sorghum
101	incidence
101	compelling
101	withsection
101	mitigate
101	ut
101	trades
101	tribunals
101	byddant
101	feet
101	satisfactorily
101	magic
100	helichrysum
100	approvals
100	umbellata
100	reproduced
100	redditch
100	linaria
100	erosion
100	iban
100	prisio
100	hca
100	psychiatric
100	threats
100	brittisk
100	diameter
100	avez
100	rosea
100	pte
100	egypt
100	bail
100	fences
100	lichfield
100	haben
100	diagram
100	census
100	tips
100	rhamnus
100	dealer
100	minimising
100	ludwigia
100	oda
100	formulier
100	observe
100	aquatica
100	einkünfte
100	tube
100	insured
100	arnom
100	tilia
100	bicolor
100	eupatorium
100	landings
