task	page
FA001	application-for-a-replacement-biometric-residence-permit-brprc
FA002	eartag-feedback-form-for-sheep-and-goat-keepers
FA003	bats-licence-to-disturb-or-take-bats-for-science-or-conservation
FA004	collective-investment-schemes-notice-of-entry-into-the-property-authorised-investment-funds-regime-cisc7
FA005	application-for-asylum-support-form-asf1
FA006	agricultural-wages-complaint-form
FA007	capability-for-work-questionnaire
FA008	application-to-register-child-under-18-as-british-citizen-form-mn1
FA009	hepatitis-e-surveillance-form
FA010	fco-strategic-programme-fund-and-bilateral-programme-fund-project-proposal-form
FA011	maternity-allowance-claim-form
FA012	application-for-a-safe-manning-document-msf-4227
FA013	contingency-plan-template-for-type-2-transporters
FA014	notice-of-same-sex-marriage-vietnam
FA015	fair-rent-forms
FA016	academy-conversion-application-forms
FA017	war-pension-application-for-review
FA018	application-to-register-a-bareboat-charter-ship
FA019	appoint-a-corporate-director-ap02c
FA020	corporation-tax-company-tax-return-ct600-2015-version-3
FA021	countryside-stewardship-facilitation-fund-claim-a-grant-and-record-progress
FA022	natural-england-licence-agreement-aerial-photography-and-height-data
FA023	storm-desmond-flood-relief-appeals-government-match-funding-prospectus
FA024	application-to-extend-stay-in-the-uk-as-tier-1-or-5-dependant
FA025	armed-forces-veterans-badge-application-form
FA026	hazardous-waste-consignment-note
FA027	inheritance-tax-gifts-and-other-transfers-of-value-iht403
FA028	guidance-published-on-registering-a-vision-impairment-as-a-disability
FA029	abnormal-load-movements-application-and-notification-forms
FA030	application-for-an-integration-loan
FA031	v940-application-to-register-as-a-number-plate-supplier
FA032	apply-to-exhume-human-remains
FA033	employment-tribunal-penalty-enforcement
FA034	change-constitution-by-enactment-cc05
FA035	overseas-birth-certificate
FA036	river-thames-visiting-launch-short-period-application
FA037	new-ground-source-heating-and-cooling-scheme-form-and-guidance-notes
FA038	poultry-keeping-customer-registration
FA039	commercial-fishing-vessel-licence-application-form
FA040	national-processing-of-international-patent-uk-application
FA041	re-register-an-unlimited-company-as-a-limited-company-rr06
FA042	application-for-the-registration-of-land-as-a-town-or-village-green
FA043	apply-for-a-postal-vote
FA044	report-anti-competitive-or-market-issues-to-the-cma
FA045	declaration-of-voluntary-surrender
FA046	ordinary-statutory-paternity-pay-and-leave-becoming-an-adoptive-parent-sc4
FA047	national-list-application-to-add-an-amateur-vegetable
FA048	appoint-liquidator-in-voluntary-winding-up-600
FA049	range-safety-inspection-mod-forms
FA050	give-notice-of-a-cross-border-merger-cb01
FA051	international-tax-uk-new-zealand-double-taxation-convention-form-new-zealand-company
FA052	neisseria-gonorrhoeae-isolate-referral-form
FA053	pet-food-plant-approval-application
FA054	premises-licence-application
FA055	trade-union-recognition-make-an-application
FA056	afbss-form-1
FA057	civ-means-2-financial-assessment-form-for-legal-aid-clients
FA058	d779b-application-for-a-digital-tachograph-company-cards
FA059	exact-line-of-boundary-registration-db
FA060	deer-apply-for-a-licence-to-shoot-them
FA061	job-application-form-jobcentre-plus
FA062	asset-valuation-request-for-a-share-valuation-val230
FA063	radioactive-substances-form-epr-part-rsr-f
FA064	subject-access-request-form
FA065	withdraw-a-caution-application-wct
FA066	etl-application-checklist-biomass-boilers-and-roomheaters
FA067	apply-to-attend-the-motorcycle-instructors-compulsory-basic-training-assessment
FA068	notify-a-cancellation-of-treasury-shares-sh05
FA069	request-to-invalidate-a-design-registration
FA070	request-permission-for-works-or-an-activity-on-an-sssi
FA071	import-and-export-authorised-economic-operator-self-assessment-questionnaire-c118
FA072	statutory-declaration-of-acknowledgement-of-parentage-form
FA073	form-cic36-application-to-form-a-community-interest-company
FA074	l17-statement-of-earnings
FA075	notify-ofsted-of-an-incident-form-for-childrens-social-care-providers
FA076	human-papillomavirus-hpv-vaccination-consent-form
FA077	application-for-a-residence-stamp-non-eea-family-of-croatian-form-cr5
FA078	certificate-of-competency-engineering-msf-4900
FA079	notice-of-assignment-form-park-homes
FA080	contracted-out-pension-schemes-contracted-out-salary-related-scheme-cessation-pensioner-re-input-schedule-ca1565
FA081	blood-establishment-authorisation-application-form
FA082	coal-mining-permit-application-form
FA083	d4-medical-examiner-report-for-a-lorry-or-bus-driving-licence
FA084	application-to-register-for-british-citizenship-form-s3
FA085	self-assessment-foreign-sa106
FA086	bovine-and-boar-semen-collection-and-breeding-licence-application
FA087	application-for-continued-registration-with-oisc
FA088	non-chargeable-variation-of-a-psv-operators-licence-psv431a
FA089	crm18-escape-fee-case-claim-form-crime
FA090	drilling-for-minerals-notice-of-intent-form-and-guidance
FA091	child-benefit-claim-form-ch2
FA092	declaration-of-exemption-from-mot
FA093	funeral-payment-claim-form
FA094	nominate-someone-for-a-uk-national-honour
FA095	self-assessment-tax-return-sa100
FA096	firearms-application-forms
FA097	individual-vehicle-approval-iva-ih
FA098	prescriptive-easements-statement-of-truth-st4
FA099	replace-a-document-not-meeting-requirements-rp01
FA100	strike-off-a-company-from-the-register-ds01
FA101	application-for-a-vehicle-registration-certificate
FA102	deceased-joint-proprietor-djp
FA103	carers-allowance-claim-form
FA104	bereavement-benefits-claim-form
FA105	personal-licence-application--2
FA106	applying-for-medals
FA107	application-to-be-made-a-party-to-proceedings
FA108	give-notice-of-abstract-or-receipts-and-payments-36ch
FA109	family-mediation-claim-forms
FA110	corporation-tax-disclosure-of-tax-avoidance-schemes-ct600j-2015-version-3
FA111	natterjack-toads-apply-for-a-mitigation-licence
FA112	animal-gathering-licence-application
FA113	apply-to-cremate-body-parts
FA114	child-trust-fund-claim-interim-tax-relief-ctf10
FA115	crossrail-planning-appeals-form-and-guidance
FA116	controlled-drugs-export-declaration-form
FA117	join-or-leave-a-fish-producer-organisation
FA118	wind-farms-application-forms-for-developers
FA119	clearance-of-missing-or-delayed-baggage-non-eu-arrivals
FA120	psv-speed-limiter-exemption-declaration-form
FA121	give-notice-of-location-or-change-in-location-of-instruments-os-ad02
FA122	electing-information-and-consultation-representatives-make-a-complaint
FA123	meat-chicken-notification
FA124	sixth-form-college-capital-transactions-forms
FA125	request-for-a-review-of-a-placement-decision-form
FA126	commonhold-land-registered-freehold-termination-cm2
FA127	class-f-land-charge-registration-renewal-application-k8
FA128	etl-application-checklist-air-blast-coolers
FA129	imported-fever-service-referral-form
FA130	overseas-civil-partnership-application-form
FA131	rule-144-proof-of-debt-general-form
FA132	anglian-waterways-application-for-registration-of-a-houseboat
FA133	apply-for-costs-from-central-funds-direct-public-access-5913a
FA134	court-funds-request-for-deposit-trustee-payment
FA135	general-quota-application
FA136	give-notice-of-change-of-details-of-other-registrable-person-with-significant-control-psc06
FA137	growth-vouchers-supplier-claim-form
FA138	income-tax-repayment-claim-when-small-pension-taken-as-a-lump-sum-p53
FA139	statutory-adoption-pay-record-sheet-sap2
FA140	vessel-monitoring-system-apply-for-grant-aid
FA141	open-meeting-advisory-council-on-the-misuse-of-drugs
FA142	evironmental-liability-appeal-form
FA143	excise-warehousing-remittance-advice-for-tobacco-goods-w6
FA144	inheritance-tax-instrument-of-variation-checklist-iov2
FA145	request-to-restore-a-registration
FA146	credit-card-payment-authorisation-form-netherlands
FA147	interim-executive-board-application-form
FA148	double-taxation-united-kingdomfrance-si-2009-number-226-form-france-individual
FA149	police-innovation-fund-bidding-form
FA150	report-a-supply-problem-with-a-veterinary-medicine
FA151	application-form-to-correct-details-on-a-birth-registration
FA152	corporate-covenant-pledge
FA153	give-notice-of-a-special-resolution-on-change-of-name
FA154	national-careers-service-case-study-submission-form
FA155	give-notice-of-the-automatic-end-of-administration-230bch
FA156	civil-partnership-application-form
FA157	inheritance-tax-cessation-of-conditional-exemption-disposal-of-timber-or-underwood-iht100f
FA158	mortgage-release-of-part-of-the-land-for-lenders-ds3
FA159	request-to-extend-a-prescribed-time-limit
FA160	forms
FA161	application-for-mot-authorisation-vt01
FA162	regulatory-triage-assessment-form
FA163	civ-app1-application-for-civil-legal-aid-certificate
FA164	import-and-export-european-community-transit-document-t5-c1125
FA165	industrial-injuries-disablement-benefit-claim-forms
FA166	notification-of-multiple-motorcycles-brought-into-the-uk
FA167	pupil-information-profile-for-military-service-children
FA168	vaccine-preventable-bacteria-section-request-form
FA169	national-non-domestic-rates-return
FA170	construction-ideas-fund-window-1-application-form
FA171	consolidate-sub-divide-redeem-shares-or-re-convert-stock-into-shares-sh02
FA172	council-tax-requirement-return
FA173	dna-early-deletion-guidance-and-application-form
FA174	standard-shipping-note
FA175	certificate-of-competence-to-slaughter-or-kill-animals-application
FA176	seed-certification-label-order-forms
FA177	disability-living-allowance-for-children-claim-form
FA178	index-map-application-for-an-official-search-sim
FA179	register-a-lasting-power-of-attorney
FA180	intercountry-adoption-means-test-form
FA181	give-notice-to-registrar-in-respect-of-dissolution-date-236b
FA182	application-to-settle-in-uk-as-refugee-form-set-protection-route
FA183	significant-disappearance-and-theft-reporting-form
FA184	tax-on-savings-cash-isa-transfer-history-form
FA185	request-for-rental-information-petrol-filling-stations-oil-company
FA186	water-abstraction-application-for-a-water-resources-licence
FA187	certificate-of-proficiency-as-able-seafarer-regulation-iii5
FA188	cf1a-counsel-claim-form
FA189	class-f-land-charge-registration-application-k2
FA190	application-for-fish-pass-approval
FA191	marriage-certificate-application-form
FA192	security-check-counter-terrorist-check-questionnaire-nsv001
FA193	universal-credit-landlord-request-for-a-managed-payment-or-rent-arrears-deduction
FA194	application-to-visit-uk-on-government-business-form-vafdip2
FA195	electing-information-and-consultation-representatives-make-a-complaint
FA196	leave-application-for-restricted-patients
FA197	licensed-finishing-units-for-cattle-application
FA198	mammals-licence-to-kill-take-or-disturb-for-health-and-safety
FA199	paye-relocation-costs-p11d-ws5
FA200	non-native-species-apply-for-a-licence-to-release-them
GC028	yacht-rating-certificate-msf-4340
GC038	report-a-lost-or-stolen-passport-form-ls01
GC039	redundancy-payments-form-rp16-redundancy-payments-actuarial-certificate
GC110	application-for-asylum-support-form-asf1
